topic_id	tweet_id	tweet_text	claim	claim_worthiness	en	ar
CT20-AR-27	1232771091619336192	أم الفقيد  يحي  ورنوغي تنعي ولدها وتتهم قوات الأمن في التسبب في وفاته بسسب التضييق  الاختطاف و الاعتقالات المتواصلة  صبر الله عائلة الفقيد على مصابهم الجلل و رحم كل شهداء الحراك   الثورة  السلمية  مستمرة  دولة  مدنية  ماشي  عسكرية  الجزائر [رابط]		1	The mother of the deceased Yahya and Ranougi mourn her son and accuse the security forces of causing his death due to harassment kidnapping and continued arrests The patience of God's family of the deceased on their grave injury and the womb of all the martyrs of the movement The peaceful revolution continues a civil state military walk Algeria [link]	والدة المتوفاة يحيى ورنوجي تنعي ابنها وتتهم قوات الأمن بالتسبب في وفاته بسبب المضايقات والخطف والاعتقالات المستمرة صبر عائلة الله المتوفاة على إصابتهم الخطيرة ورحم جميع شهداء الحراك الثورة السلمية تواصل مسيرة الدولة المدنية العسكرية الجزائر [link]
CT20-AR-27	1232386769527754752	الجزائر تعلن عن أول حالة إصابة مؤكدة بفيروس  كورونا لمواطن إيطالي 		1	Algeria reports first confirmed case of coronavirus in Italian citizen	الجزائر تعلن أول حالة إصابة مؤكدة بفيروس كورونا في مواطن إيطالي
CT20-AR-27	1233329189803171840	توجه الجزائر نحو اعتماد اللغة الانجلزية للتدريس والتعليم ، صفعة في وجه فرنسا وجرائمها ، [رقم] مسجدا حولتها فرنسا الى كنائس ، ومئات أخرى تعرضت للهدم والتخريب وحولت الى إسطبلات للخيل ، فرنسا ناصرت العصابة وصنعت الMAK وتبث سمومها في كل حين ، لا للفرنكفونية وعملائها ، نعم للإنجليزيةرغم أنف شيتور [رابط]		1	Algeria is heading towards the adoption of the English language for teaching and education, a slap in the face of France and its crimes, [No.] a mosque that France has turned into churches, and hundreds more have been demolished and vandalized and turned into stables for horses, France has championed the gang and made the MAK and spread its poisons at all times, not to the Francophone and its agents, yes to the English despite the Schitor nose [link]	تتجه الجزائر نحو اعتماد اللغة الإنجليزية للتدريس والتعليم، صفعة في وجه فرنسا وجرائمها، [لا] مسجد حولته فرنسا إلى كنائس، ومئات أخرى تم هدمها وتخريبها وتحويلها إلى اسطبلات للخيول، وقد دافعت فرنسا عن العصابة وجعلت MAK ونشر سمومها في جميع الأوقات، وليس الفرنكوفونية وعملائها، نعم للإنجليز على الرغم من أنف شيتور [link]
CT20-AR-27	1232385949134249985	 الجزائر تعلن اول اصابة بفيروس كورونا 		1	Algeria announces first coronavirus case	الجزائر تعلن أول حالة إصابة بفيروس كورونا
CT20-AR-27	1232563539488989184	بعد تأكيد اول حالة كورونا في الجزائر وهو ايطالي الجنسيه   لازم الحيطه والحذر في كل مكان وبأفعال بسيطه كغسل اليدين باستمرار لتجنب الاصابه بهذا المرض و الحقيقه التي يجب ان نقف عليها اننا كدوله ليست لدينا الامكانيات لمواجهة مثل هذا الوباء القاتل نسأل الله السلامه  كورونا  في  الجزائر		1	After the confirmation of the first Corona case in Algeria, which is Italian nationality, caution and caution are required everywhere and with simple actions such as washing hands constantly to avoid infection with this disease and the fact that we must stand on that we as a country do not have the possibilities to face such a deadly epidemic.	بعد تأكيد أول حالة كورونا في الجزائر ، وهي الجنسية الإيطالية ، يجب توخي الحذر والحذر في كل مكان وبإجراءات بسيطة مثل غسل اليدين باستمرار لتجنب الإصابة بهذا المرض وحقيقة أننا يجب أن نقف على أننا كدولة لا نملك الإمكانيات لمواجهة مثل هذا الوباء القاتل.
CT20-AR-27	1232693002096795649	عاجل   الجزائر  المصاب الإيطالي بفيروس كورونا موظف لدى شركة إيني الإيطالية في حقل  MLE  للغاز الواقع قرب منطقة حاسي مسعود   ليبيا  المرصد  متحدث باسم الشركة  صحيفة الشروق 		1	An employee of the Italian company Eni in the MLE gas field, located near the Hassi Messaoud area Libya Observatory A spokesman for the company	موظف في شركة إيني الإيطالية في حقل الغاز MLE ، الواقع بالقرب من منطقة حاسي مسعود مرصد ليبيا المتحدث باسم الشركة
CT20-AR-27	1232388782541938693	تسجيل حالة إصابة مؤكدة بفيروس كورونا الجديد في الجزائر   [رابط] [رابط]		1	New Coronavirus Confirmed in Algeria [link] [link]	تأكيد فيروس كورونا الجديد في الجزائر [link] [link]
CT20-AR-27	1232663434971533313	الإشتباه بحالة  كورونا بولاية باتنة الأمر يتعلق بإيطالي يبلغ [رقم] سنة يعمل بمصنع للسيراميك تقدم للمصلحة الإستشفائية [رابط]		1	Suspected Corona case in the state of Batna It is about an Italian [number] year working in a ceramic factory submitted to the hospital service [link]	حالة كورونا المشتبه بها في ولاية باتنة تدور حول سنة [رقم] إيطالية تعمل في مصنع سيراميك مقدم إلى خدمة المستشفى [link]
CT20-AR-27	1232603771085217792	القاضي يستمع لكمال البوشي في قضية الرشاوي  البوشي  نحن مظلومون   ظلمنا من طرف النظام السابق البوشي  خالد تبون لا علاقة له ، وتم توريطه من أجل الإيقاع بوالده البوشي  خالد تبون لم يساعدني ولم يتدخل يوما أو يتوسط لصالحي مثلما يتم الترويج له [رابط]		1	The judge listens to Kamal Boshi in the case of Boshi bribes We are oppressed by the former regime Boshi Khaled Tabun has nothing to do with, and has been implicated in order to catch his father Boshi Khalid Tabun did not help me and did not intervene or mediate in favor of me as is promoted [link]	القاضي يستمع إلى كمال بوشي في قضية رشاوى بوشي نحن مضطهدون من قبل النظام السابق بوشي خالد تابون لا علاقة لنا به ، وقد تورط من أجل القبض على والده بوشي خالد تابون لم يساعدني ولم يتدخل أو يتوسط لصالحي كما يتم الترويج له [link]
CT20-AR-27	1232391054516785152	 الجزائر   وزير الصحة يعلن تسجيل أول إصابة بفيروس  كورونا لمواطن إيطالي [رابط]  العربية		1	Algeria Health Minister announces the registration of the first coronavirus infection of an Italian citizen [link] English	وزير الصحة الجزائري يعلن تسجيل أول إصابة بفيروس كورونا لمواطن إيطالي [link] English
CT20-AR-27	1232984771141210112	تحديث  كورونا  يومي    الحالات المصابة [رقم]  [رقم]  الحالات المتوفاة [رقم]  [رقم]  الحالات التي تماثلت للشفاء [رقم]  [رقم]  عدد الدول التي على اللائحة [رقم]  منهم   الامارات [رقم] مصر [رقم] لبنان [رقم] الكويت [رقم] عمان [رقم] بحرين [رقم] العراق [رقم] الجزائر [رقم] ايران [رقم] منها [رقم] وفاة [رابط]		1	Corona update Daily Infected Cases [No.] [No.] Deceased Cases [No.] [No.] Recovered Cases [No.] [No.] Number of Countries on the List [No.] Including UAE [No.] Egypt [No.] Lebanon [No.] Oman [No.] Bahrain [No.] Iraq [No.] Algeria [No.] Iran [No.] Of which [No.] Death [link]	كورونا تحديث الحالات المصابة يوميا [لا.] [لا.] الحالات المتوفاة [لا.] [لا.] الحالات المستردة [لا.] [لا.] عدد البلدان على القائمة [لا.] بما في ذلك الإمارات العربية المتحدة [لا.] مصر [لا.] لبنان [لا.] عُمان [لا.] البحرين [لا.] العراق [لا.] الجزائر [لا.] إيران [لا.] منها [لا.]
CT20-AR-27	1232388520356012033	أول حالة كرونا في الجزائر لشخص إيطالي جايهم مسير		1	The first case of Krona in Algeria for an Italian man	أول حالة كرونا في الجزائر لرجل إيطالي
CT20-AR-27	1232292165537206277	أمير دولة قطر يثمن دور الجزائر الإقليمي والعربي وإسهامها في حل الكثير من النزاعات [رابط] [رابط]		1	The Emir of the State of Qatar appreciates Algeria’s regional and Arab role and its contribution to resolving many conflicts [link] [link]	أمير دولة قطر يثمن الدور الإقليمي والعربي للجزائر ومساهمتها في حل العديد من النزاعات
CT20-AR-27	1232500447774044160	 الجزائر تعلن عن اول اصابة بفيروس  كورونا الجديد		1	Algeria reports first case of new coronavirus	الجزائر تعلن عن أول حالة إصابة بفيروس كورونا الجديد
CT20-AR-27	1232390050383568897	 الجزائر   وزير الصحة يعلن تسجيل أول إصابة بفيروس  كورونا لمواطن إيطالي [رابط]		1	Algeria Health Minister announces the registration of the first coronavirus infection of an Italian citizen [link]	وزير الصحة الجزائري يعلن تسجيل أول إصابة بفيروس كورونا لمواطن إيطالي
CT20-AR-27	1232617781696307200	 الجزائر البحث عن  المسافرين الذين كانوا بالطائرة القادمة من  إيطاليا والمتوجهة إلى  ورقلة [رابط]		1	Algeria Search for passengers who were flying from Italy to Ouargla [link]	الجزائر البحث عن الركاب الذين كانوا يطيرون من إيطاليا إلى ورقلة [link]
CT20-AR-27	1232365698220994565	 توافق تام  بين الجزائر وقطر حول كل القضايا الإقليمية والدولية [رابط] [رابط]		1	Full consensus between Algeria and Qatar on all regional and international issues [link] [link]	توافق كامل بين الجزائر وقطر حول جميع القضايا الإقليمية والدولية [link] [link]
CT20-AR-27	1232589842183266305	كشفت وثيقة من  منظمة الكرامة  القطرية عن تعاون وثيق مع حركة الماك الانفصالية وتتخذ تلك الحركة الانفصالية من  باريس مقرا دائما لها ويقودها  فرحات مهني  الذي دعا مع بداية الحراك إلى حمل السلاح ضد ما يسميه الاحتلال الجزائري وطالب باستهداف الجيش هل هذا ما يموله اميرنا    الجزائر [رابط]		1	A document from the Qatari organization Alkarama revealed close cooperation with the Mak separatist movement and that the separatist movement is always based in Paris and led by Farhat Mhenni, who called with the beginning of the movement to take up arms against what he calls the Algerian occupation and demanded the targeting of the army is this what is funded by our Emir Algeria [link]	كشفت وثيقة من منظمة الكرامة القطرية عن تعاون وثيق مع حركة مك الانفصالية وأن الحركة الانفصالية تتخذ دائما من باريس مقرا لها ويقودها فرحات مهني الذي دعا مع بداية الحركة إلى حمل السلاح ضد ما أسماه الاحتلال الجزائري وطالب باستهداف الجيش هذا ما يموله أميرنا الجزائر [link]
CT20-AR-27	1232381920740282371	الشيخ محمد بن زايد يوعز لمستشارية ، بطلب فتح عدة استثمارات في الجزائر وتونس والمغرب والاردن ، ردا  على زيارة امير قطر لتلك الدول ، محاولا  شراء المواقف لصالحه كما فعل في زيارته لاندونيسيا في [رقم] حين استثمر بمبلغ يفوق الاستثمار القطري 		1	Sheikh Mohammed bin Zayed instructs an adviser to open several investments in Algeria, Tunisia, Morocco and Jordan, in response to the visit of the Emir of Qatar to those countries, trying to buy positions in his favor as he did in his visit to Indonesia in [number] when he invested an amount that exceeds the Qatari investment	الشيخ محمد بن زايد يوجه مستشاراً بفتح عدة استثمارات في الجزائر وتونس والمغرب والأردن، رداً على زيارة أمير قطر لتلك الدول، محاولاً شراء مراكز لصالحه كما فعل في زيارته لإندونيسيا في [عدد] عندما استثمر مبلغاً يتجاوز الاستثمار القطري
CT20-AR-27	1232604681681211397	القاضي يستمع لكمال البوشي في قضية الرشاوي  البوشي  نحن مظلومون من طرف النظام السابق البوشي  خالد تبون لا علاقة له ، وتم توريطه من أجل الإيقاع بوالده البوشي  خالد تبون لم يساعدني ولم يتوسط لصالحي مثلما يتم الترويج له البوشي  تم تعنيفي من أجل أن أشهد ضد خالد تبون و ضد والده [رابط]		1	The judge listens to Kamal al-Boshi in the case of al-Boshi bribes We are oppressed by the former regime of al-Boshi Khaled Tabun has nothing to do with him, and he was framed in order to catch his father al-Boshi Khaled Tabun did not help me and did not mediate in my favor as al-Boshi was promoted in order to testify against Khaled Tabun and his father [link]	القاضي يستمع إلى كمال البوشي في قضية رشاوى البوشي نحن مضطهدون من قبل نظام البوشي السابق خالد تبون لا علاقة له به، وقد تم تلفيقه من أجل القبض على والده البوشي خالد تبون لم يساعدني ولم يتوسط لصالحي كما تمت ترقية البوشي من أجل الشهادة ضد خالد تبون ووالده [link]
CT20-AR-27	1232284283626229761	الرئيس تبون يؤكد وجود  توافق تام  بين الجزائر وقطر حول مختلف القضايا الإقليمية والدولية [رابط] [رابط]		1	President Tebboune confirms full consensus between Algeria and Qatar on various regional and international issues [link] [link]	الرئيس تبون يؤكد التوافق الكامل بين الجزائر وقطر حول مختلف القضايا الإقليمية والدولية [link] [link]
CT20-AR-27	1232389308302143493	الجزائر  التلفزيون الرسمي الجزائري يعلن أول حالة إصابة مؤكدة بفيروس كورونا		1	Algeria's state TV announces first confirmed case of coronavirus	التلفزيون الجزائري يعلن عن أول حالة إصابة مؤكدة بفيروس كورونا
CT20-AR-27	1232818302013124609	 المغرب يفشل مناورات  الجزائر بالسعودية والهمة وبوريطة يجتمعان ببنسلمان للإعداد لزيارة محمد السادس نجح المغرب في إحباط مناورات الجزائر التي يقودها  عبد المجيد تبون  المتواجد بالرياض لفرض حضور الكيان الوهمي للبوليساريو لقمة أفريقيا السعودية والتي تم تأجيلها رفضا لحضور كيان إرهابي [رابط]		1	Morocco fails Algeria’s maneuvers in Saudi Arabia, Himma and Bourita meet in Bensleman to prepare for the visit of Mohammed VI Morocco succeeded in thwarting Algeria’s maneuvers led by Abdelmadjid Tebboune, who is in Riyadh, to force the Polisario entity to attend the Saudi Africa Summit, which was postponed to refuse the presence of a terrorist entity [link]	فشل المغرب في مناورات الجزائر في السعودية، هيما وبوريطة يلتقيان في بنسليمان للتحضير لزيارة محمد السادس المغرب نجح في إحباط مناورات الجزائر بقيادة عبد المجيد تبون، الموجود في الرياض، لإجبار كيان البوليساريو على حضور القمة السعودية الأفريقية، التي تم تأجيلها لرفض وجود كيان إرهابي.
CT20-AR-27	1232682756129292288	محامية خالد تبون خلال مرافعتها قبل قليل في محكمة سيدي امحمد  كل المتهمين أعطوهم هواتف للاتصال بذويهم إلا هو منعوه الظلم طغى في هذا الملف أعطني شخصية واحدة اتصل بها تبون خالد هذا الولد كان عاملا في سوناطراك وله سيارة وشقة يدفع إيجارها ككل الجزائريين [رابط]		1	Khaled Taboun's lawyer during her argument a little while ago in the court of Sidi Mohamed, all the accused gave them phones to contact their families, except that he prevented injustice overshadowed in this file Give me one character called by Taboun Khaled This boy was a worker in Sonatrach and has a car and an apartment that pays its rent as all Algerians [link]	محامية خالد تبون خلال مرافعاتها قبل قليل في محكمة سيدي محمد، كل المتهمين أعطوهم هواتف للاتصال بعائلاتهم، إلا أنه منع الظلم الذي طغى في هذا الملف أعطني حرفاً واحداً دعاه تبون خالد هذا الصبي كان عاملاً في سوناطراك ولديه سيارة وشقة تدفع إيجارها مثل جميع الجزائريين [link]
CT20-AR-27	1232595019577602048	مدير مستشفى بني مسوس ل  البلاد   لم نسجل أي حالة إصابة ب  كورونا  [رابط] [رابط]		1	The director of Beni Misous hospital for the country did not record any case of Corona disease [link] [link]	لم يسجل مدير مستشفى بني ميسوس بالبلاد أي حالة إصابة بمرض الكورونا [link] [link]
CT20-AR-27	1232387406038474758	الجزائر تعلن عن تسجيل أول حالة اصابة بفيروس كورونا صرح وزير الصحة عن اكتشاف فيروس كورونا القاتل لدى رعية ايطالي الذي دخل الجزائر يوم [رقم] فيفري  الجزائر [رابط]		1	Algeria announces the registration of the first case of Corona virus The Minister of Health announced the discovery of the deadly Corona virus in an Italian parish, which entered Algeria on [number] February Algeria [link]	الجزائر تعلن تسجيل أول حالة إصابة بفيروس كورونا أعلن وزير الصحة اكتشاف فيروس كورونا القاتل في رعية إيطالية دخلت الجزائر في فبراير/شباط الجزائر [link]
CT20-AR-27	1232286512231911427	الرئيس  تبون  توافق تام بين  الجزائر و  قطر حول كل القضايا الاقليمية و الدولية [مستخدم] [مستخدم] [رابط] [رابط]		1	President Tebboune fully agrees between Algeria and Qatar on all regional and international issues [User] [User] [link] [link]	الرئيس تبون يتفق تماما بين الجزائر وقطر على جميع القضايا الإقليمية والدولية [المستخدم] [المستخدم] [الرابط] [الرابط]
CT20-AR-27	1233026270713262080	سكان انزجمير بأدرار يحتجون على أوضاعهم المزرية [رابط]		1	The people of Inzgemir are protesting against their miserable conditions.	سكان إنزغمير يحتجون على ظروفهم البائسة.
CT20-AR-27	1232767603900284933	عااجل    البراءة ل  خالد  تبون ابن الرئيس الجزائري عبد المجيد  تبون في قضية  البوشي  		1	Hasten the innocence of Khaled Taboun, son of Algerian President Abdelmadjid Taboun in the Boshi case	التعجيل ببراءة خالد تبون، نجل الرئيس الجزائري عبد المجيد تبون في قضية بوشي
CT20-AR-27	1233011044051800064	 الرئيس تبون يتابع شخصيا ملف فيروس كورونا  [رابط] [رابط]		1	President Tebboune personally follows the Coronavirus file [link] [link]	الرئيس تبون يتابع شخصيا ملف فيروس كورونا [link] [link]
CT20-AR-27	1233002508123070464	ثم ماذا   هل يجب على الحراك الشعبي أن يتوقف إلى حين القضاء على الوباء   أمس فقط مات [رقم] شابا حرا ا ، وحوادث المرور تحصد الآلاف كل يوم ومرضى السرطان الذين لا يجدون علاجا مناسبا أيضا يموتون كل يوم بأعداد هائلة    الحراك  مستمر ليست  كورونا بأكثر فتكا مما يعانيه الشعب الجزائري يوميا [رابط]		1	Then what? Should the popular movement stop until the eradication of the epidemic only yesterday died [number] a free young man, and traffic accidents claim thousands every day and cancer patients who do not find adequate treatment also die every day in huge numbers The movement is not Corona more deadly than the suffering of the Algerian people daily [link]	ثم ماذا؟ هل يجب أن تتوقف الحركة الشعبية حتى القضاء على الوباء فقط أمس توفي [عدد] شاب حر ، وحوادث المرور تودي بالآلاف كل يوم ومرضى السرطان الذين لا يجدون العلاج المناسب يموتون كل يوم بأعداد هائلة الحركة ليست كورونا أكثر فتكا من معاناة الشعب الجزائري يوميا [link]
CT20-AR-27	1232666816033492992	مدير الصحة بولاية باتنة  ننتظر نتائج الفحوصات على المشتبه في إصابته بفيروس كورونا لنتخذ إحتياطاتنا اللازمة [رابط]		1	The director of health in the state of Batna is waiting for the results of tests on the suspect of Corona virus to take our necessary precautions [link]	مدير الصحة في ولاية باتنة ينتظر نتائج الاختبارات على المشتبه به بفيروس كورونا لاتخاذ الاحتياطات اللازمة لدينا [link]
CT20-AR-27	1233385979404263424	ليست ملبنة المراعي وحدها التي منعت في الجزائر ، الاستثمار العربي أقصاه سارق ختم الرئاسة ، ومن ورائه خرنسا ، بنوك وفنادق ومولات ومصانع ، كل شيء عربي ممنوع ، هددوا رجال اعمال عرب في الفنادق ، تفردوا بالسكر والقهوة والزيت والموز ، وو ، هل فهمتم سر اول زيارة للرئيس تبون للسعودية  موتوا بغيضكم   [رابط]		1	It is not only Malabna Almarai that was banned in Algeria, the Arab investment is the maximum thief of the seal of the presidency, and behind him Khernsa, banks, hotels, malls and factories, everything is Arab forbidden, they threatened Arab businessmen in hotels, singled out sugar, coffee, oil and bananas, and Wu, did you understand the secret of President Tebboune's first visit to Saudi Arabia die hateful [link]	ليس فقط مالابنا المراعي هو الذي تم حظره في الجزائر، فالاستثمار العربي هو اللص الأقصى لختم الرئاسة، وخلفه خرنصة والبنوك والفنادق ومراكز التسوق والمصانع، كل شيء عربي ممنوع، هددوا رجال الأعمال العرب في الفنادق، وخصوا السكر والقهوة والنفط والموز، وو، هل فهمت سر زيارة الرئيس تبون الأولى إلى المملكة العربية السعودية تموت بكراهية
CT20-AR-27	1232709408360103936	 الجزائر تسجيل ثان حالة إصابة بفيروس  كورونا لشاب [رقم] عاما [رابط]		1	Algeria Registers Second Coronavirus Case of Youth [No.] General [link]	الجزائر تسجل ثاني حالة إصابة بفيروس كورونا للشباب [رقم] عام [link]
CT20-AR-27	1233493627357278210	 كورونا يتصدر شعارات المحتجين اليوم في حراك  الجزائر بصوت واحد   قولوا للعصابة يروحوا يخطونا   الفيروس ديالهم مثل الكورونا   جيبوا البياري و زيدوا الكورونا   ماحناش حابسين حتى تخطونا   الجزائر   الجمعة [رقم] [رابط]		1	Corona tops the slogans of the protesters today in the movement of Algeria with one voice Tell the gang to go ahead with the virus like the Corona Gibwa Bayari and increase the Corona Mahnash Habsin until they pass us Algeria Friday [number] [link]	كورونا تتصدر شعارات المتظاهرين اليوم في حركة الجزائر بصوت واحد قل للعصابة أن تمضي قدما مع الفيروس مثل كورونا جيبوا بياري وزيادة كورونا ماهناش حبسين حتى يمروا بنا الجزائر الجمعة [رقم] [link]
CT20-AR-27	1232387827092066307	الجزائر تسجل أول حالة إصابة بفيروس كورونا و ذلك لرعية إيطالية ربي يسترنا يارب والخبر رسمي مؤكد عبر القنوات الرسميه		1	Algeria records the first case of Corona virus and that of an Italian national God hides us God and official news confirmed through official channels	الجزائر تسجل أول حالة إصابة بفيروس كورونا وأن الله مواطن إيطالي يخفي لنا الله والأخبار الرسمية المؤكدة عبر القنوات الرسمية
CT20-AR-27	1232386762384777216	المصاب  رعية  إيطالي دخل الجزائر في [رقم] فيفري الماضي الرعية الإيطالي المصاب تم تحويله إلى  معهد  باستور التحاليل والفحوصات أظهرت أن الحالة المشتبه بها مؤكدة الرعية الإيطالي المصاب تم وضعه في  الحجز  الصحي [رابط]		1	The injured Italian national entered Algeria in [number] last February The injured Italian national was transferred to the Pasteur Institute The tests and examinations showed that the suspected case confirmed the injured Italian national was placed in health custody [link]	المواطن الإيطالي المصاب دخل الجزائر في [عدد] فبراير الماضي تم نقل المواطن الإيطالي المصاب إلى معهد باستور أظهرت الاختبارات والفحوصات أن الحالة المشتبه بها أكدت أن المواطن الإيطالي المصاب تم وضعه في الحجز الصحي [link]
CT20-AR-27	1232323814043869185	تتويج [رقم] جزائريين بجائزة راشد بن حمد في الإمارات [رابط] [رابط]		1	Algerians crowned with the Rashid Bin Hamad Award in the UAE [link] [link]	الجزائريون يتوجون بجائزة راشد بن حمد في الإمارات [link] [link]
CT20-AR-27	1232640154042556416	فيروس  كورونا  يحدث حالة من الهلع في الجزائر [رابط] [رابط]		1	Coronavirus causes panic in Algeria [link] [link]	فيروس كورونا يسبب الذعر في الجزائر [link] [link]
CT20-AR-27	1232627725308964864	سكان انزجمير في أدرار يحتجون للمطالبة بالمرافق الاجتماعية والتنمية [رابط]		1	Residents of Inzgemir in Adrar protest to demand social facilities and development [link]	سكان إنزغمير في أدرار يحتجون للمطالبة بالمرافق الاجتماعية والتنمية [link]
CT20-AR-27	1232415865175453704	دعوات لرفع دعاوى قضائية ومحاكمة العنصري المدعو  الهاشمي عصاد   سكرتير المحافظة السامية لما يسمى  الأمازيغية  الذي قام باستفزاز الجزائريين و هذا بإعداد قائمة أسماء  أمازيغية  و تسليمها لوزارة الداخلية وطالب السلطة بتغيير الأسماء العربية لبلديات و قرى الجزائر بأسماء  أمازيغية  [رابط]		1	Calls for the filing of lawsuits and the trial of the racist called Hashemi Essad, secretary of the so-called Amazigh sub-prefecture, who provoked the Algerians by preparing a list of Amazigh names and handing them over to the Ministry of Interior and demanded the authority to change the Arabic names of the municipalities and villages of Algeria with Amazigh names [link]	يدعو إلى رفع دعاوى قضائية ومحاكمة العنصري هاشمي عيد، أمين ما يسمى بمحافظة الأمازيغ الفرعية، الذي أثار الجزائريين من خلال إعداد قائمة بأسماء الأمازيغ وتسليمها إلى وزارة الداخلية وطالب السلطة بتغيير الأسماء العربية للبلديات والقرى الجزائرية بأسماء أمازيغية [link]
CT20-AR-27	1232637964326514688	 خبر  موثوق [رقم]  [رقم] لا يوجد اي إصابة بفيروس كورونا في الجزائر لحد الساعة و الحمد لله كل ما يشاع هو خبر كاذب إلا رعية ايطالي دخل الى الجزائر المصاب بالفيروس موجود تحت الحجر الصحي		1	Reliable news [No.] [No.] There is no Corona virus infection in Algeria so far, thank God, all that is rumored is false news except an Italian national who entered Algeria infected with the virus is under quarantine	أخبار موثوقة [لا] [لا] لا توجد عدوى بفيروس كورونا في الجزائر حتى الآن ، الحمد لله ، كل ما يشاع هو أخبار كاذبة باستثناء مواطن إيطالي دخل الجزائر مصاب بالفيروس تحت الحجر الصحي
CT20-AR-27	1232255017740120064	حضرة صاحب السمو الشيخ تميم بن حمد آل ثاني أميرنا المفدى يصل إلى  الجزائر في زيارة رسمية ، و كان في استقبال سموه أخيه فخامة الرئيس الجزائري  [رابط]		1	His Highness Sheikh Tamim bin Hamad Al Thani, our Emir, arrived in Algeria on an official visit, and was received by His Highness his brother, the Algerian President.	وصل حضرة صاحب السمو الشيخ تميم بن حمد آل ثاني أمير البلاد المفدى إلى الجزائر في زيارة رسمية واستقبله سموه شقيقه الرئيس الجزائري.
CT20-AR-27	1232662439029809154	مدير الصحة لولاية باتنة يؤكد في تصريح  لقناة البلاد  بوجود حالة كورنا جديدة مشتبه بها الأمر يتعلق بمواطن إيطالي دخل الى الجزائر بتاريخ [رقم] فيفري المواطن الإيطالي يخضع للفحوصات اللازمة [رابط]		1	The director of health of the state of Batna confirms in a statement to Al-Balad TV that there is a new suspected case of Korna, it concerns an Italian citizen who entered Algeria on the date of [number] Fifiri, the Italian citizen is subject to the necessary tests [link]	أكد مدير صحة ولاية بطنا في تصريح لتلفزيون البلد أن هناك حالة جديدة مشتبه بها من الكورنة، تتعلق بمواطن إيطالي دخل الجزائر بتاريخ [رقم] الفيفري، يخضع المواطن الإيطالي للفحوصات اللازمة [link]
CT20-AR-27	1232992616700051456	الجزائر الأولى إفريقيا في قطع الأنترنت [رابط] [رابط]		1	Algeria First Africa in Internet Cut [link] [link]	الجزائر أول أفريقيا في قطع الإنترنت [link] [link]
CT20-AR-27	1232760796498841600	الجزائر   توقيف شابين أعلنا عن زواجهما عبر فيديو على  فيسبوك   صور  فيديو  [رابط]		1	Algeria Arrests Two Youths Who Announced Their Marriage via Facebook Video [link]	الجزائر تعتقل شابين أعلنا زواجهما عبر فيديو على فيسبوك
CT20-AR-27	1232741462594506755	الوزير الأول عبد العزيز جراد يترأس اجتماعا لمجلس الحكومة ، خصص لعرض التدابير المقررة من وزارة الصحة لمواجهة وباء كورونا الوزير الأول دعا إلى تواصل هادئ ومدروس ومسؤول والابتعاد عن أي شكل من أشكال التهويل [رابط] [رابط]		1	Prime Minister Abdul Aziz Jarad chairs a meeting of the Council of Government, dedicated to the presentation of the measures planned by the Ministry of Health to address the Corona epidemic Prime Minister called for calm, thoughtful and responsible communication and to stay away from any form of intimidation [link] [link]	يرأس رئيس الوزراء عبد العزيز جراد اجتماعًا لمجلس الحكومة ، مخصصًا لعرض التدابير المخطط لها من قبل وزارة الصحة لمعالجة وباء كورونا دعا رئيس الوزراء إلى التواصل الهادئ والمدروس والمسؤول والابتعاد عن أي شكل من أشكال الترهيب [link] [link]
CT20-AR-27	1232245768859344896	سمو الشيخ  تميم  حمد  آل  ثاني أمير البلاد المفدى يصل إلى العاصمة  الجزائر في زيارة رسمية للجمهورية الجزائرية الديمقراطية الشعبية الشقيقة ، وكان في استقبال سموه لدى وصوله والوفد المرافق مطار هواري بومدين الدولي ، رئيس الجمهورية الجزائرية الديمقراطية الشعبية الشقيقة   قطر  أخبار  قطر [رابط]		1	His Highness the Amir Sheikh Tamim Hamad Al Thani arrives in Algiers on an official visit to the sisterly People's Democratic Republic of Algeria, and was received by His Highness upon arrival and the accompanying delegation Houari Boumediene International Airport, President of the sisterly People's Democratic Republic of Algeria Qatar News [link]	يصل صاحب السمو أمير البلاد الشيخ تميم حمد آل ثاني إلى الجزائر العاصمة في زيارة رسمية إلى الجمهورية الجزائرية الديمقراطية الشعبية الشقيقة، واستقبله صاحب السمو لدى وصوله والوفد المرافق له مطار هواري بومدين الدولي، رئيس الجمهورية الجزائرية الديمقراطية الشعبية الشقيقة.
CT20-AR-27	1232689911746224131	مراسلتنا  تسجيل ثاني حالة إصابة بفيروس كورونا في الجزائر		1	Email us Registration of the second case of Corona virus in Algeria	تسجيل الحالة الثانية لفيروس كورونا في الجزائر
CT20-AR-27	1232661558494482437	التماسات النيابة العامة في قضية رشاوى  البوشي   [رقم] سنوات سجنا نافذا ضد  البوشي  و [رقم] ألف غرامة مالية [رقم] سنوات سجنا نافذا لرئيس بلدية بن عكنون و [رقم] ألف دينار غرامة مالية سائق هامل ، بن زهرة ، التماس سبع سنوات حبسا نافذا ومليون دينار غرامة مالية [رابط]		1	Prosecution petitions in the case of bribes Bushi [number] years of imprisonment in force against Bushi and [number] A fine [number] years of imprisonment in force for the mayor of Ben Aknoun and [number] A dinar fine Hamel driver, Ben Zahra, seven years of imprisonment in force and one million dinars fine [link]	التماسات الادعاء في قضية الرشاوى بوشي [عدد] سنوات سجن سارية المفعول ضد بوشي و[عدد] غرامة [عدد] سنوات سجن سارية المفعول لرئيس بلدية بن عكنون و[عدد] دينار غرامة سائق هامل، بن زهرة، سبع سنوات سجن سارية ومليون دينار غرامة [رابط]
CT20-AR-27	1232387411268820993	عاجل   الجزائر تعلن تسجيل أول حالة اصابة بفيروس كورونا لشخص يحمل الجنسية الإيطالية   ليبيا  المرصد  تصريح وزير الصحة للتلفزيون الجزائري الحكومي 		1	Algeria announces the registration of the first case of Corona virus for a person with Italian nationality Libya Observatory Health Minister's statement to Algerian state television	الجزائر تعلن تسجيل أول حالة إصابة بفيروس كورونا لشخص يحمل الجنسية الإيطالية في تصريح لوزير الصحة في مرصد ليبيا للتلفزيون الجزائري
CT20-AR-27	1232402275127222275	 كورونا  الجزائر المصاب بفيروس  كورونا القاتل كان قادما من إيطاليا إلى الجزائر ، وبعد المراقبة والفحوصات تبين بأنه مصاب  لكن الله أعلم كم من شخص نقل إليه العدوى قبل إكتشاف أعراض الإصابة بالفيروس القاتل     لماذا لا يتم وقف الرحلات من البلدان الذي أصبحت مصدرا للوباء   الأمر خطير  		1	Coronavirus Algeria infected with the deadly Corona virus was coming from Italy to Algeria, and after monitoring and tests turned out to be infected, but God knows how many people infected before discovering the symptoms of infection with the deadly virus why flights from countries that have become a source of epidemic is dangerous	فيروس كورونا الجزائر المصابة بفيروس كورونا القاتل كانت قادمة من إيطاليا إلى الجزائر، وبعد الرصد والاختبارات تبين أن تكون مصابة، ولكن الله يعلم كم عدد الأشخاص المصابين قبل اكتشاف أعراض العدوى بالفيروس القاتل لماذا الرحلات الجوية من البلدان التي أصبحت مصدرا للوباء أمر خطير
CT20-AR-27	1232387025363521536	إكتشاف أول حاله لفيروس كورونا في الجزائر نقلة مواطن إيطالي 		1	First case of coronavirus detected in Algeria	اكتشاف أول حالة إصابة بفيروس كورونا في الجزائر
CT20-AR-27	1232390106591440897	وزير الصحة يؤكد اكتشاف أول حالة مصابة بفيروس كورونا في الجزائر  [رابط]		1	Health Minister confirms first case of coronavirus found in Algeria [link]	وزير الصحة يؤكد أول حالة إصابة بفيروس كورونا في الجزائر [link]
CT20-AR-27	1232676626456023040	الرئيس تبون يصل الى السعودية [رابط] [رابط]		1	President Tebboune arrives in Saudi Arabia [link] [link]	الرئيس تبون يصل إلى المملكة العربية السعودية [link] [link]
CT20-AR-27	1232358272893673479	خالدي يرفض استقبال مصطفى بيراف [رابط] [رابط]		1	Khalidi refuses to receive Mustafa Berav [link] [link]	خالدي يرفض استقبال مصطفى براف [link] [link]
CT20-AR-27	1232350887575773185	الفساد  متابعة [رقم]  مير  في ولاية المسيلة [رابط] [رابط]		1	Corruption Follow [Number] Mir in the Wilayat of Masila [link] [link]	الفساد اتبع [العدد] مير في ولاية ماسيلة [link] [link]
CT20-AR-27	1232387533318819840	اول حالة كورونا في الجزائر   ربي يستر ويحفظ الجميع		1	The first case of Corona in Algeria God cover and save everyone	الحالة الأولى من كورونا في الجزائر الله يغطي وينقذ الجميع
CT20-AR-27	1232389586627809280	عاجل   الجزائر تعلن عن أول حالة إصابة بفيروس كورونا 		1	Algeria announces first case of coronavirus	الجزائر تعلن أول حالة إصابة بفيروس كورونا
CT20-AR-27	1233047856363253761	المبعوث الخاص للوزير الأول البريطاني   خروجنا من الإتحاد الأوروبي فرصة لخلق  شراكة قوية مع  الجزائر  [رابط]		1	British Prime Minister’s Special Envoy: Our exit from the European Union is an opportunity to create a strong partnership with Algeria	المبعوث الخاص لرئيس الوزراء البريطاني: خروجنا من الاتحاد الأوروبي فرصة لإقامة شراكة قوية مع الجزائر
CT20-AR-27	1232612956560658432	وزارة الصحة تعلن   كل الذين كانوا بالقرب من الرعية الإيطالي المصاب بكورونا سيخضعون لفحص طبي  [رابط] [رابط]		1	The Ministry of Health announces that all those who were near the Italian parish infected with Corona will undergo a medical examination [link] [link]	تعلن وزارة الصحة أن جميع أولئك الذين كانوا بالقرب من الأبرشية الإيطالية المصابة بفيروس كورونا سيخضعون لفحص طبي [link] [link]
CT20-AR-27	1232648780979343360	كلنا  خالد  تبون خالد تبون مضلوم من أذناب العصابة و النظام السابق أقسم بالله العظيم خالد مضلوم ضلما توريطه من أجل الإيقاع بوالده وانا أعي ما أقول أنا متضامن مع خالد ربي يطلق سراحو إن شاء الله يا رب تحيا الجزائر و شعبها و جيشها و رجالها الاوفياءوالشرفاء المخلصين للوطن الغالي		1	We are all Khaled Tabun Khaled Tabun Muqlom of the gang and the former regime I swear by Almighty Allah Khaled Muqlom Muqlom to implicate him in order to catch his father and I understand what I say I am in solidarity with Khalid Lord release, God willing, Lord Long live Algeria and its people and its army and its loyal and honorable people loyal to the dear homeland	نحن جميعا خالد تبون خالد تبون مقلوم من العصابة والنظام السابق أقسم بالله العظيم خالد مقلوم مقلوم لتوريطه من أجل القبض على والده وأنا أفهم ما أقوله أنا متضامن مع خالد الرب إطلاق سراح، إن شاء الله، اللورد لونغ يعيش الجزائر وشعبها وجيشها وشعبها المخلص والكريم الموالي للوطن العزيز
CT20-AR-27	1232388044902236161	وزير الصحة  سجلنا حالة إصابة بفيروس كورونا القاتل ، الحالة تتعلق برعية ايطالي ووضعنا كل الإجراءات للتحكم في الوضع بروفيسور هل تعلم أن بين الجزائر وايطاليا ثلاث رحلات جوية يوميا تسير بشكل عادي وطبيعي جدا   واشمن إجراءات يرحم والديك  الحكومة لازالت تبيع الوهم		1	The Minister of Health has recorded a case of the deadly Corona virus, the case is related to an Italian parish and we have put all the procedures to control the situation Professor Did you know that between Algeria and Italy three flights a day are running normal and very normal and include procedures mercy your parents The government is still selling illusion	سجل وزير الصحة حالة إصابة بفيروس كورونا القاتل، وهي حالة تتعلق بإحدى الأبرشيات الإيطالية، وقد وضعنا جميع الإجراءات للسيطرة على الوضع بروفيسور هل تعلم أن بين الجزائر وإيطاليا ثلاث رحلات يوميا تسير بشكل طبيعي وطبيعي جدا وتشمل إجراءات الرحمة والديك الحكومة لا تزال تبيع الوهم
CT20-AR-27	1233065001469927424	مقطع متداول لشابين مثليين في الجزائر أثناء حفل زفافهما يهز مواقع التواصل الاجتماعي  التلفزيون  العربي [مستخدم] [رابط]		1	Trending clip of two gay men in Algeria during their wedding shakes social networking sites Arab TV [user] [link]	مقطع فيديو لرجلين مثليين في الجزائر خلال حفل زفافهما يهز مواقع التواصل الاجتماعي التلفزيون العربي [مستخدم] [رابط]
CT20-AR-27	1232603996088606721	القاضي يستمع لكمال البوشي في قضية الرشاوي  البوشي  تم تعنيفي من أجل أن أشهد ضد خالد تبون و ضد والده البوشي  أنا لا أعرف والد خالد تبون ولم ألتق به أبدا في حياتي البوشي  الجميع يعلم أن مكتبي و شركتي مزودة بكاميرات المراقبة في كل مكان [رابط]		1	The judge listens to Kamal Al-Boshi in the case of bribes Al-Boshi was forced to testify against Khaled Tebboune and his father Al-Boshi I do not know Khaled Tebboune's father and I have never met him in my life Al-Boshi everyone knows that my office and my company are equipped with surveillance cameras everywhere [link]	القاضي يستمع لكمال البوشي في قضية رشاوى البوشي أجبر على الشهادة ضد خالد تبون ووالده البوشي لا أعرف والد خالد تبون ولم أقابله قط في حياتي البوشي يعلم الجميع أن مكتبي وشركتي مجهزان بكاميرات مراقبة في كل مكان [link]
CT20-AR-27	1232393716389859329	الكورونا في الجزائر  وزير الصحة يعلن عن أول حالة إصابة مؤكدة بوباء كورونا المصاب رعية إيطالي دخل الجزائر في [رقم] فيفري الماضي الرعية الإيطالي المصاب تم تحويله إلى معهد باستور التحاليل والفحوصات أظهرت أن الحالة مؤكدة الرعية الإيطالي المصاب تم وضعه في الحجز الصحي  [رابط]		1	The Coronavirus in Algeria The Minister of Health announces the first confirmed case of the Coronavirus An Italian national who entered Algeria in the past [number] The Italian national infected has been transferred to the Pasteur Institute Tests and examinations have shown that the case confirmed the Italian national infected has been placed in health custody [link]	يعلن وزير الصحة عن أول حالة مؤكدة لفيروس كورونا مواطن إيطالي دخل الجزائر في الماضي [عدد] تم نقل المواطن الإيطالي المصاب إلى اختبارات معهد باستور وأظهرت الفحوصات أن الحالة أكدت أن المواطن الإيطالي المصاب قد تم وضعه في الحجز الصحي [link]
CT20-AR-27	1232675848072900608	إخضاع جزائري زميل للرعية الايطالي المصاب بكرونا لإجراءات  الحجر الصحي  بولاية خنشلة [رابط] [رابط]		1	Subjecting an Algerian colleague of the Italian parish of Krona to quarantine procedures in the state of Khinchila [link] [link]	إخضاع زميل جزائري من أبرشية كرونا الإيطالية لإجراءات الحجر الصحي في ولاية خنشيلا [link] [link]
CT20-AR-27	1232957758477127680	طبيب يكشف للجزائريين معلومة مهمة   لقاح الزكام الموسمي   يحميكم من  الكورونا  [رابط]		1	A doctor reveals to Algerians the important information of the seasonal cold vaccine protects you from coronavirus [link]	طبيب يكشف للجزائريين معلومات مهمة عن لقاح البرد الموسمي يحميك من فيروس كورونا
CT20-AR-27	1232912579875475456	العالم أعلن حالة طوارىء و إستدعى رعاياه تخوفا من مرض الكورونا   إلا الجزائر  داروه تحريشة [رابط]		1	The world declared a state of emergency and summoned its citizens out of fear of Corona disease except Algeria Daroh Harisheh [link]	أعلن العالم حالة الطوارئ واستدعى مواطنيه خوفًا من مرض الكورونا باستثناء الجزائر داروه هاريشة
CT20-AR-27	1233006757410222082	موجة واسعة من التعاليق الساخرة للجزائريين بعد اعلان سلطات البلاد اكتشاف اول إصابة بفيروس كورونا لمواطن إيطالي  كورونا  الجزائر [رابط]		1	A large wave of satirical comments for Algerians after the country's authorities announced the discovery of the first Corona virus infection of an Italian citizen Corona Algeria [link]	موجة كبيرة من التعليقات الساخرة للجزائريين بعد أن أعلنت سلطات البلاد اكتشاف أول إصابة بفيروس كورونا لمواطن إيطالي كورونا الجزائر [link]
CT20-AR-27	1233095287733989376	وفاة [رقم] أشخاص في مجزرة مرورية بسطيف   [رابط] [رابط]		1	Death of [number] people in Bastif traffic massacre [link] [link]	وفاة [عدد] الناس في مذبحة المرور في باستيف [link] [link]
CT20-AR-27	1232611997793050625	وزارة الصحة توضح بخصوص  كورونا  المشكل الكبير هو كيف يكون لدينا القدرة لكي نرى كل المواطنين المسافرين الذين كانوا في نفس الطائرة الى حد الان تمكنا من ايجاد عدد كبير من المواطنين الذين سافروا مع الرعية [رابط] [رابط]		1	The Ministry of Health explains about Corona the big problem is how we have the ability to see all the citizens who were in the same plane so far we have been able to find a large number of citizens who have traveled with the parish [link] [link]	تشرح وزارة الصحة عن كورونا المشكلة الكبيرة هي كيف لدينا القدرة على رؤية جميع المواطنين الذين كانوا في نفس الطائرة حتى الآن تمكنا من العثور على عدد كبير من المواطنين الذين سافروا مع الرعية [link] [link]
CT20-AR-27	1232765688923795459	[رقم] سنوات سجنا نافذا ومليون دينار غرامة ضد رئيس بلدية بن عكنون السابق بوعرابة كمال [رقم] سنوات سجنا نافذا و [رقم] مليون دينار غرامة ضد بن زهرة  سائق هامل  البراءة لخالد تبون البراءة لوكيل الجمهورية السابق بلهادف مسلم [رابط]		1	[No.] Years of imprisonment in force and one million dinars fine against the former mayor of Ben Aknoun Bouaraba Kamal [No.] Years of imprisonment in force and [No.] million dinars fine against Ben-Zahra Driver Hamel Innocence for Khaled Tebboune Innocence of former public prosecutor Belhadf Muslim [link]	[لا] سنوات من السجن النافذ وغرامة مليون دينار ضد رئيس بلدية بن عكنون بوعربة كمال السابق [لا] سنوات من السجن النافذ و[لا] مليون دينار غرامة ضد بن زهرة سائق هامل براءة خالد تبون براءة النائب العام السابق بلحاف مسلم [link]
CT20-AR-27	1232710159308337152	كمال البوشي مفسرا علاقته بخالد تبون   كان يجيني نعطيه el parfum   يعني الكيس الأسود أو الشكارة التي ظهرت في كاميرات المراقبة في مكاتب البوشي ، كان فيها قرعة ريحة   غريبة كرة القدم  كورونا  الجزائر		1	Kamal Bouchi explaining his relationship with Khaled Taboun was given by El Parfum meaning black bag or chakra that appeared in the surveillance cameras in Bouchi's offices, where there was a strange draw for football Corona Algeria	شرح كمال بوشي علاقته بخالد تبون من قبل El Parfum بمعنى حقيبة سوداء أو شقرا ظهرت في كاميرات المراقبة في مكاتب بوشي ، حيث كان هناك قرعة غريبة لكرة القدم كورونا الجزائر
CT20-AR-27	1233037802411102208	تحادث رئيس الجمهورية عبد المجيد  تبون [مستخدم] الخميس بالرياض مع خادم الحرمين الشريفين الملك  سلمان  بن  عبدالعزيز آل سعود  وتم بحث سبل تعزيز التعاون الثنائي بين البلدين والتنسيق والتشاور في القضايا ذات الاهتمام المشترك [مستخدم] [رابط] [رابط]		1	President of the Republic Abdul Majeed Tebboune [User] spoke Thursday in Riyadh with the Custodian of the Two Holy Mosques King Salman bin Abdulaziz Al Saud and discussed ways to strengthen bilateral cooperation between the two countries and coordination and consultation on issues of common interest [User] [link] [link]	تحدث رئيس الجمهورية عبد المجيد تبون (المستخدم) يوم الخميس في الرياض مع خادم الحرمين الشريفين الملك سلمان بن عبد العزيز آل سعود وناقش سبل تعزيز التعاون الثنائي بين البلدين والتنسيق والتشاور بشأن القضايا ذات الاهتمام المشترك.
CT20-AR-27	1232696482714783746	بعد قليل ألتقيكم عبر إذاعة مونت كارلو الدولية [مستخدم] في برنامج  معكم حول الحدث  مع الزميلة [مستخدم] للحديث عن زيارة السيد عبدالمجيد  تبون رئيس  الجزائر ل  السعودية 		0	Soon I will meet you on Radio Monte Carlo International [User] in a program with you about the event with a colleague [User] to talk about the visit of Mr. Abdelmadjid Taboun, President of Algeria to Saudi Arabia	قريباً سأقابلكم على راديو مونت كارلو الدولي [المستخدم] في برنامج معكم حول الحدث مع زميل [المستخدم] للحديث عن زيارة السيد عبد المجيد تبون ، رئيس الجزائر إلى المملكة العربية السعودية
CT20-AR-27	1232954111143882752	بن أشنهو   التلقيح ضد الانفلونزا الموسمية يقي من الإصابة بفيروس  كورونا  [رابط] [رابط]		0	Ben Ashnho Seasonal Flu Vaccine Prevents Coronavirus Infection [link] [link]	لقاح بن اشنيو الموسمي يمنع عدوى فيروس كورونا [link] [link]
CT20-AR-27	1232975841958731776	لأول مرة ملاكمات جزائريات يشاركن في الأولمبياد [رابط] [رابط]		0	For the first time Algerian boxers participate in the Olympics [link] [link]	لأول مرة يشارك الملاكمون الجزائريون في الألعاب الأولمبية [link] [link]
CT20-AR-27	1232640519156772864	لماذا وزير الصحة أعلن عن أول حالة كورونا في الجزائر وليس الإعلام  [رابط]		0	Why the Minister of Health announced the first case of Corona in Algeria and not the media [link]	لماذا أعلن وزير الصحة عن أول حالة كورونا في الجزائر وليس وسائل الإعلام [link]
CT20-AR-27	1232958636860809216	هل أصبح حديثي عن عروبتي وتاريخ أجدادي جريمة  في فلسفة عنوانها رهاب العرب  لماذا تغتاضون  أنا لم أتخذ علم غير علم الجزائر ، لم أؤسس أكاديمية في UK لتقسيم بلدي ، لم أمسح لغة غيري من لافتات التوجيه ، لم أفطر رمضان لأستفز مشاعر الناس ، لم أدر ظهري لعلم الشهداء   إلخ فلمذا تغتاضون مني  [رابط]		0	Did my talk about my Arabism and the history of my ancestors become a crime in a philosophy entitled Arabophobia Why I did not take the flag of Algeria, I did not establish an academy in the UK to divide my country, I did not erase the language of other than the guidance signs, I did not break Ramadan to provoke people's feelings, I did not turn my back on the flag of martyrs etc. So why do you resent me [link]	هل أصبح حديثي عن عروبة وتاريخ أجدادي جريمة في فلسفة بعنوان أرابوفوبيا لماذا لم آخذ علم الجزائر، لم أؤسس أكاديمية في المملكة المتحدة لتقسيم بلدي، لم أمحو لغة غير الإشارات الإرشادية، لم أكسر رمضان لإثارة مشاعر الناس، لم أدير ظهري على علم الشهداء وما إلى ذلك.
CT20-AR-27	1232543624539385856	فلسطين تمنع دخول مسافرين من [رقم] دول بسبب  كورونا  [رابط] [رابط]		0	Palestine prevents entry of travelers from [number] countries because of Corona [link] [link]	فلسطين تمنع دخول المسافرين من [عدد] دول بسبب كورونا [link] [link]
CT20-AR-27	1232598490397712384	كورونا في الجزائر ، لا مفر من قضاء الله وقدره   نصيحة لإخواني   لي ما يصليش يبدأ فورا يصلي   لي ما يهدرش مع خوه يروح يزورا  اللي ما خرجش الزكاة ، هاو حسابي البريدي [رقم]  [رقم]		0	Corona in Algeria, there is no escape from God's judgment and his advice to my brothers to me as soon as he begins to pray for me as soon as he gets drunk with his brother, he goes to visit what is not Zakat, howl my account Postal [number] [number]	كورونا في الجزائر ، لا مفر من حكم الله ونصيحته لإخوتي لي بمجرد أن يبدأ في الصلاة من أجلي بمجرد أن يسكر مع أخيه ، يذهب لزيارة ما ليس زكاة ، عواء حسابي البريد [رقم] [عدد]
CT20-AR-27	1233112180993773575	شاهدوا   الرئيس تبون يصلي بالمسجد النبوي ويزور قبر الرسول  صلى الله عليه وسلم  [رابط]		0	The Prophet (peace be upon him) visited the tomb of the Prophet (peace and blessings of Allaah be upon him).	النبي (صلى الله عليه وسلم) زار قبر النبي (صلى الله عليه وسلم).
CT20-AR-27	1232380807886594051	بشرى للراغبين في زيارة بيت الله الحرام   رئيس الجمهورية يقرر تخصيص حصة إضافية من جوازات الحج   [رابط] [رابط]		0	Bushra for those wishing to visit the House of God, the President of the Republic decides to allocate an additional share of Hajj passports [link] [link]	بشرى للراغبين في زيارة بيت الله، رئيس الجمهورية يقرر تخصيص حصة إضافية من جوازات الحج [link] [link]
CT20-AR-27	1232334394498715648	أشكر الأشقاء في الجزائر على حسن الاستقبال والضيافة  تجمعنا بالجزائر روابط أخوية عميقة ومصالح مشتركة ، والمباحثات التي أجريناها ستسهم بقوة في تطوير التعاون بيننا وتجاه الأزمات الإقليمية التي تمثل تحديات حقيقية للأمن القومي العربي  [رابط]		0	I thank our brothers in Algeria for the good reception and hospitality we have in Algeria deep brotherly ties and common interests, and the discussions we held will contribute strongly to the development of cooperation between us and towards regional crises that represent real challenges to Arab national security.	وأشكر إخواننا في الجزائر على حسن الاستقبال والضيافة التي نحظى بها في الجزائر على الروابط الأخوية العميقة والمصالح المشتركة، وستسهم المناقشات التي أجريناها بقوة في تطوير التعاون بيننا ونحو الأزمات الإقليمية التي تمثل تحديات حقيقية للأمن القومي العربي.
CT20-AR-27	1232266226954653696	عودة الأمطار والثلوج بداية من الفاتح مارس [رابط] [رابط]		0	Rain and snow return starting March 1 [link] [link]	عودة الأمطار والثلوج ابتداءً من 1 مارس [link] [link]
CT20-AR-27	1232321715004465154	هاشتاق  الجزائر الآن جديد الفنانة  سهيله  بن  لشهب  جرح  كبير البرومو المنتظر بعد [رقم] ساعات كونوا في الموعد  SouhilaBenLachhab [رابط]		0	Hashtag Algeria Now New Artist Souhila Ben Lachhab Wounded Big Promo Waiting After [Number] Hours Be On Time SouhilaBenLachhab [link]	هاشتاج الجزائر الآن الفنانة الجديدة سهيلة بن لشاب جرحى عرض ترويجي كبير في انتظار بعد [رقم] ساعات كن في الوقت المحدد سهيلة بن لشاب [link]
CT20-AR-27	1233037370301308929	تعليق التأشيرات نحو البقاع المقدسة   ديوان الحج والعمرة يصدر بيانا [رابط] [رابط]		0	The suspension of visas towards the holy places Diwan of Hajj and Umrah issues a statement [link] [link]	تعليق تأشيرات الدخول للأماكن المقدسة ديوان الحج والعمرة يصدر بيانا [link] [link]
CT20-AR-27	1232786415508914177	مانشستر سيتي يقلب الطاولة على ريال مدريد ويفوز [رقم]  [رقم] في البرنابيو التفاصيل  [رابط] [رابط]		0	Manchester City turn the tables on Real Madrid and win [number] [number] in Bernabu Details [link] [link]	مانشستر سيتي يقلب الطاولة على ريال مدريد ويفوز [عدد] [عدد] في برنابو تفاصيل [link] [link]
CT20-AR-27	1232563272597037063	تائهة ك الخرطوم   مخنوقه ك بيروت مريضة ك صنعاء   مشردة ك دمشق مرهقة ك القاهرة   مستباحة ك بغداد منسية ك القدس   ممزقة ك طرابلس منهوبة الجزائر قدرها أنها حفيدة الحكام العرب [رابط]		0	Lost K Khartoum Strangled K Beirut Sick K Sana Homeless K Damascus Tired K Cairo Forgotten K Baghdad Forgotten K Jerusalem Torn K Tripoli Looted Algeria Estimated as Granddaughter of Arab Rulers [link]	فقدت الخرطوم خندق ك بيروت مريض ك سناء مشرد ك دمشق متعب ك القاهرة منسية ك بغداد منسية ك القدس ممزقة ك طرابلس منهوبة الجزائر مقدرة كحفيدة الحكام العرب [link]
CT20-AR-27	1233033737081937920	المبعوث الخاص للوزير الأول البريطاني   أفضل البقاء في الجزائر بسبب المناخ الجميل وسنعمل على تسهيل التأشيرة بين البلدين  [رابط]		0	Special Envoy of the British Prime Minister I prefer to stay in Algeria because of the beautiful climate and we will work to facilitate the visa between the two countries [link]	المبعوث الخاص لرئيس الوزراء البريطاني أفضل البقاء في الجزائر بسبب المناخ الجميل وسنعمل على تسهيل التأشيرة بين البلدين [link]
CT20-AR-27	1233369847830061056	توقعاتي المستقبلية بعد مشيئه الله   هولندا بطل كاس العالم [رقم] ع حساب الارجنتين  الارجنتين بطل كوبا امريكا [رقم]  الأهلي بطل الدوري السعودي [رقم] السعوديه واليابان وأستراليا وكوريا لكاس العالم الجزائر ومصر راح يتأهلون لكاس العالم  الهلال بطل الدوري السعودي [رقم]		0	My future expectations after the will of God Holland World Cup champion [No.] Argentina Argentina Copa America champion [No.] Al-Ahli Saudi league champion [No.] Saudi Arabia, Japan, Australia and Korea World Cup Algeria and Egypt will qualify for the World Cup Crescent Saudi league champion [No.]	توقعاتي المستقبلية بعد إرادة الله هولندا بطل كأس العالم [لا.] الأرجنتين الأرجنتين كوبا أمريكا بطل [لا.] الأهلي السعودي بطل الدوري [لا.] المملكة العربية السعودية واليابان وأستراليا وكوريا كأس العالم الجزائر ومصر سوف تتأهل إلى كأس العالم الهلال بطل الدوري السعودي [لا.]
CT20-AR-27	1233095986513432579	رئاسة الجمهورية تطلق صفحتها الرسمية عبر الفايسبوك الصفحة تهدف إلى دعم التواصل المستمر والفعال مع المواطنين [رابط] [رابط]		0	The Presidency of the Republic launches its official Facebook page aimed at supporting continuous and effective communication with citizens [link] [link]	رئاسة الجمهورية تدشن صفحتها الرسمية على الفيسبوك بهدف دعم التواصل المستمر والفعال مع المواطنين [link] [link]
CT20-AR-27	1232408545313873920	هكاذا كان دخول فيروس كورونا للجزائر وهكذا الاستقبال  Algerie  كورونا  الجزائر [رابط]		0	If the entry of the Corona virus to Algeria and so reception Algerie Corona Algeria [link]	إذا كان دخول فيروس كورونا إلى الجزائر وهكذا استقبال الجزائرية كورونا الجزائر [link]
CT20-AR-27	1232233407683407872	وصول صاحب السمو الشيخ التميم بن حمد آل ثاني أمير دولة  قطر الشقيقة إلى  الجزائر في زيارة رسمية تستغرق يوما واحدا ، و خلال هذه الزيارة يجري رئيس الجمهورية السيد عبد المجيد  تبون محادثات مع سموه ، تتناول تبادل وجهات النظر حول القضايا ذات الاهتمام المشترك  [رابط]		0	The arrival of His Highness Sheikh Tamim bin Hamad Al Thani, Emir of the State of Qatar, to Algeria for an official one-day visit, during which the President of the Republic, Mr. Abdelmadjid Tebboune, will hold talks with His Highness, addressing the exchange of views on issues of mutual interest.	وصول صاحب السمو الشيخ تميم بن حمد آل ثاني أمير دولة قطر إلى الجزائر في زيارة رسمية تستغرق يوما واحدا يجري خلالها رئيس الجمهورية السيد عبد المجيد تبون مباحثات مع سموه تتناول تبادل وجهات النظر حول القضايا ذات الاهتمام المشترك.
CT20-AR-27	1232336814721073158	أمير قطر  أشكر الأشقاء في الجزائر على حسن الاستقبال والضيافة  تجمعنا بالجزائر روابط أخوية عميقة ومصالح مشتركة ، والمباحثات التي أجريناها ستسهم بقوة في تطوير التعاون بيننا وتجاه الأزمات الإقليمية التي تمثل تحديات حقيقية للأمن القومي العربي  [رابط]		0	The Emir of Qatar thanked the brothers in Algeria for the good reception and hospitality we have in Algeria deep brotherly ties and common interests, and the discussions we held will contribute strongly to the development of cooperation between us and towards regional crises that represent real challenges to Arab national security	وشكر أمير قطر الأشقاء في الجزائر على حسن الاستقبال والضيافة التي نحظى بها في الجزائر على الروابط الأخوية العميقة والمصالح المشتركة، وستسهم المناقشات التي أجريناها بقوة في تطوير التعاون بيننا ونحو الأزمات الإقليمية التي تمثل تحديات حقيقية للأمن القومي العربي.
CT20-AR-27	1232250014732312578	رئيس الجمهورية عبد المجيد تبون كان في إستقبال أمير قطر الشيخ تميم بن حمد آل ثاني بالمطار [رابط] [رابط]		0	President of the Republic Abdelmadjid Tebboune was received by the Emir of Qatar Sheikh Tamim bin Hamad Al Thani at the airport [link] [link]	استقبل أمير قطر الشيخ تميم بن حمد آل ثاني رئيس الجمهورية عبد المجيد تبون في المطار [link] [link]
CT20-AR-27	1232410926340595712	بما أن عباقرة وقادة  الحراك  مستمر يرون أن  كورونا ما هو الا مؤامرة كونية ضد حراكهم فإنني أدعوا الشرذمة للاستماع اليهم واطالبهم بالخروج وبقوة لحراك الجمعة المقبلة لكي نتخلص من غبائهم دفعة واحدة   أرجوكم		0	Since the geniuses and leaders of the movement continue to see that Corona is nothing but a cosmic conspiracy against their movement, I invite the schism to listen to them and demand them to come out strongly to the movement next Friday in order to get rid of their stupidity at once please	وبما أن العباقرة وقادة الحركة ما زالوا يرون أن كورونا ليست سوى مؤامرة كونية ضد حركتهم ، أدعو الانشقاق للاستماع إليهم ومطالبتهم بالخروج بقوة إلى حركة الجمعة القادمة من أجل التخلص من غبائهم على الفور من فضلك
CT20-AR-27	1232822256801374214	نوع من انواع الرزق  ان يضع الله لك قبول فى قلب كل من يراك    الجزاير		0	A kind of sustenance that puts God's acceptance in the heart of all who see you as an island.	نوع من القوت الذي يضع قبول الله في قلب كل من يراك كجزيرة.
CT20-AR-27	1233147290933694465	تركيا تعلن ارتفاع عدد جنودها القتلى في القصف الجوي اليوم بسوريا إلى [رقم]  [رابط]		0	Turkey announces the number of its soldiers killed in the aerial bombardment today in Syria to [number] [link]	تركيا تعلن عن عدد جنودها الذين قتلوا في القصف الجوي اليوم في سوريا إلى [عدد] [رابط]
CT20-AR-27	1232691675807600648	أوستاذ الوعي قالهم كورونا ولا تبونة  الجزائر [رابط]		0	Knowledge of the Qur'an and the Qur'an [link]	معرفة القرآن والقرآن. []
CT20-AR-27	1232393403528290304	الجزائر   إكتشاف أول إصابة مؤكدة بفيروس  كورونا لدى رعية من جنسية إيطالية 		0	Algeria discovers first confirmed coronavirus case in Italian national	الجزائر تكتشف أول حالة إصابة مؤكدة بفيروس كورونا في مواطن إيطالي
CT20-AR-27	1232601319669665800	جولة سمو أمير البلاد المفدى لكل من  الأردن  تونس  الجزائر  [رقم]  [رقم]  [رقم]  [رقم]  قنا [رابط]		0	His Highness the Amir's Tour of Jordan Algeria Tunisia [No.] [No.] [No.] Qena [link]	جولة سمو الأمير للأردن والجزائر وتونس [رقم] [رقم] [رقم] قنا [link]
CT20-AR-27	1233102311184117761	بعد عزلة دولية طويلة مقصودة من العصابة و اذنابها لتهميش الجزائر هاهي اليوم تعود الجزائر للساحة و بقوة   و لا عزاء [بريد] [رابط]		0	After a long international isolation intended by the gang and its tails to marginalize Algeria, today Algeria is back on the scene with strength and no consolation.	بعد عزلة دولية طويلة قصدت بها العصابة وذيولها تهميش الجزائر، عادت الجزائر اليوم إلى الساحة بقوة وبدون عزاء.
CT20-AR-27	1233036230062944256	وفاة لاعبة كرة القدم الإيرانية إلهام شيخي بداء كورونا [رابط] [رابط]		0	Iranian footballer Ilham Sheikhi dies of coronavirus [link] [link]	وفاة لاعب كرة القدم الإيراني إلهام شيخي بسبب فيروس كورونا [link] [link]
CT20-AR-27	1232747956929024001	رئيس الجمهورية يستقبل ولي العهد السعودي بمقر إقامته بالرياض [رابط]		0	The President of the Republic receives the Saudi Crown Prince at his residence in Riyadh [link]	رئيس الجمهورية يستقبل ولي العهد السعودي في مقر إقامته بالرياض [link]
CT20-AR-27	1233003016879509505	وطني وطني غالي الثمن روحي مالي نفسي بدني وانا الحامي لك في المحن لتعش حرا طول الزمن وطني وطني وطني تحيا الجزائر [رابط]		0	My soul is my body and I am your protector in adversity to live free all the time National National Long live Algeria [link]	روحي هي جسدي وأنا حاميكم في الشدائد للعيش بحرية طوال الوقت وطني وطني تحيا الجزائر [link]
CT20-AR-27	1232715004811653120	فيديو وصول الرئيس تبون إلى المملكة العربية السعودية في زيارة رسمية [رابط]		0	Video of the arrival of President Tebboune to Saudi Arabia on an official visit [link]	فيديو وصول الرئيس تبون إلى المملكة العربية السعودية في زيارة رسمية [link]
CT20-AR-27	1232251930417750016	أخوة وتعاون وثيق يجمعان  قطر ببلد المليون شهيد   دليل ذلك وصول سمو الأمير إلى بلده الثاني  الجزائر وفي استقباله أخيه فخامة الرئيس عبدالمجيد تبون [رابط]		0	Brothers and close cooperation between Qatar and the country of one million martyrs, evidence of this is the arrival of His Highness the Amir to his second country Algeria and in his meeting with his brother, His Excellency President Abdelmadjid Tebboune [link]	الأخوة والتعاون الوثيق بين دولة قطر وبلد المليون شهيد، والدليل على ذلك هو وصول سمو الأمير إلى بلده الثاني الجزائر وفي لقائه مع شقيقه فخامة الرئيس عبد المجيد تبون [link]
CT20-AR-27	1232599006863294464	محامي متأسس لصالح المتهمين   جلسة استئناف قضية تركيب السيارات ستكون مهمة وفيها مستجدات  [رابط] [رابط]		0	Lawyer established in favor of the accused The hearing of the appeal of the case of the installation of cars will be important and has developments [link] [link]	المحامي الذي تم انشاؤه لصالح المتهم ستكون جلسة الاستماع للاستئناف في قضية تركيب السيارات مهمة ولها تطورات [link] [link]
CT20-AR-27	1232228904221454336	خونا [مستخدم] كل يوم يعطيهم حقنة وهوما راهم كل يوم يراقبوا من بعيد  الجزائر [رابط]		0	Every day he gives them an injection and he sees them every day watching from far away Algeria [link]	كل يوم يعطيهم حقنة ويشاهدهم كل يوم يشاهدون من الجزائر البعيدة [link]
CT20-AR-27	1232743648971890689	[رابط] رأيي في فكرة الذهاب إلى المرادية ومقترحات حول التصعيد في الداخل و الخارج  ما  نخلصش  مدنية  ليست  عسكرية  ترحلوا  يعني  ترحلوا  صعد  حراكك		0	[link] My opinion on the idea of going to Al-Muradiya and proposals on escalation at home and abroad what we create a civilian is not military leave means to leave	[link] رأيي في فكرة الذهاب إلى المرادية ومقترحات التصعيد في الداخل والخارج ما نخلقه مدنياً ليس إجازة عسكرية يعني الرحيل
CT20-AR-27	1232628496234680320	عمال المؤسسة الوطنية للرخام بسكيكدة يحتجون ويطالبون برحيل المدير [رابط]		0	Workers of the National Foundation for Marbles in Skikda protest and demand the departure of the director [link]	عمال المؤسسة الوطنية للرخام في سكيكدة يحتجون ويطالبون برحيل المدير [link]
CT20-AR-27	1232623740363714560	في مصر سكر محلي محطوط على كريمة في الجزائر شوفوا  الخطيرة  القوية Une femme de claasse [مستخدم] [رابط]		0	In Egypt local sugar on cream in Algeria Strong serious chauva Une femme de classe [Used] [link]	في مصر السكر المحلي على كريم في الجزائر شوفا خطيرة قوية Une femme de classe [مستعمل] [link]
CT20-AR-27	1232715131852861440	بعد الكشف عن أول حالة إصابة مؤكدة بفيروس  كورونا في  الجزائر   مغردون  لا يحق لنا أن نخاف  والسبب    شاهد [مستخدم] [رابط]		0	After the detection of the first confirmed case of Corona virus in Algeria tweeters we have no right to fear and the reason saw [user] [link]	بعد الكشف عن أول حالة مؤكدة من فيروس كورونا في الجزائر ليس لدينا الحق في الخوف والسبب رأى [المستخدم] [link]
CT20-AR-27	1232345389371707392	لعقاب  الرئيس تبون لا يريد دستورا لنفسه بل لكل الجزائريين [رابط]		0	To punish President Tebboune does not want a constitution for himself but for all Algerians [link]	معاقبة الرئيس تبون لا يريد دستورا لنفسه بل لجميع الجزائريين.
CT20-AR-27	1232628405566410752	لن تكون عسكرية   احترموا دستوركم   طبقوا فقط ما هو مطلوب منكم في المادة [رقم]  دولة  مدنية  ماشي  عسكرية  يسقط  حكم  العسكر  ما  نخلصش  صعد  حراكك [رابط]		0	It will not be military Respect your constitution Apply only what is required of you in Article [No.] A civilian state Walking military fall military rule As soon as we move up [link]	لن يكون عسكريًااحترام دستوركطبق فقط ما هو مطلوب منك في المادة [رقم] دولة مدنية المشي العسكرية سقوط الحكم العسكري بمجرد أن ننتقل إلى أعلى
CT20-AR-27	1232357260548018177	انتشرت في الجزائر بحمد الله ظاهرة تقديم البذور والاقلام وحتى الشتلات مجانا في سبيل الله لمن يريد الزراعة من اشخاص لا يعرفون بعضهم ولا كان بنهم لقاء  وفي الغالب يكون اجرها  دعوة خير من غريب مستجابة  ومن باب الصدقة الجارية  وهناك بعض النوادي لديهم مشروع الف فسيلة ومليون فسيلة  [رابط]		0	In Algeria, the phenomenon of providing seeds, pens and even seedlings free of charge for the sake of God for those who want to cultivate from people who do not know each other and were not hungry for a meeting and often be better paid invitation from a stranger responsive and out of charity ongoing and there are some clubs have a project A thousand fils and a million fils (link)	في الجزائر، ظاهرة توفير البذور والأقلام وحتى الشتلات مجاناً في سبيل الله لأولئك الذين يرغبون في زراعة من الناس الذين لا يعرفون بعضهم البعض ولم يكونوا جائعين لعقد اجتماع وغالباً ما تكون دعوة مدفوعة الأجر بشكل أفضل من شخص غريب مستجيب وخارج العمل الخيري مستمر وهناك بعض الأندية لديها مشروع ألف ألف فلس ومليون فلس (رابط)
CT20-AR-27	1233062810894163969	عجوز قدمت من ولاية بعيدة وعندما وصلت إلى المطار أخبروها عن استحالة سفرها لأداء مناسك العمرة   شاهدوا ردة فعلها [رابط]		0	An old woman came from a faraway state and when she arrived at the airport they told her that it was impossible for her to travel to perform Umrah and they saw her reaction [link]	جاءت امرأة عجوز من دولة بعيدة وعندما وصلت إلى المطار أخبروها أنه من المستحيل عليها السفر لأداء العمرة ورأوا رد فعلها.
CT20-AR-27	1232302801289699332	جماهير ريال مدريد في الجزائر غدا [رابط]		0	Real Madrid fans in Algeria tomorrow [link]	جماهير ريال مدريد في الجزائر غدا [link]
CT20-AR-27	1233092140399550465	من مخلفات هذا النظام القذر ضياع شباب الجزائر شباب في عمر الزهور ربي يرحمهم ويلهم ذويهم الصبر والسلوان  الحراك  مستمر [رابط]		0	One of the remnants of this dirty system is the loss of young Algerian youth in the age of flowers God bless them and inspire their families patience and sobriety movement continues [link]	أحد بقايا هذا النظام القذر هو فقدان الشباب الجزائري الشاب في عصر الزهور بارك الله فيهم وألهم عائلاتهم الصبر وتواصل حركة الرصانة [link]
CT20-AR-27	1233110915459043331	صور وصول رئيس الجمهورية عبد المجيد تبون إلى المدينة المنورة [رابط]		0	Photos of the arrival of President Abdelmadjid Tebboune to Medina [link]	صور وصول الرئيس عبد المجيد تبون إلى المدينة المنورة [link]
CT20-AR-27	1232750116915814404	جراد يستقبل لورد ريشارد ريسبي المبعوث الخاص للوزير الأول البريطاني [رابط]		0	Grad receives Lord Richard Risby, Special Envoy of the British Prime Minister	غراد يستقبل اللورد ريتشارد ريسبي المبعوث الخاص لرئيس الوزراء البريطاني
CT20-AR-27	1233058878138519553	أين المشكل لما يزور  تبون  السعودية هي دولة عربية شقيقة وشعب طيب أصيل فقط يقلقوني اللي قاع النهار وهوما يهدرو على ايران ، الإخوان ، أردوغان وخاصة تجد جماعة من عندنا تردد نفس الكلام المهم لا تنسوا أن السعودية قامت بإهداء عمرة لعائلات ضحايا الطائرة العسكرية وعائلات الرضع بواد سوف [رابط]		0	Where is the problem when visiting Tebboune Saudi Arabia is a brotherly Arab country and a good people authentic only worry me what the bottom of the day and they are wasting on Iran, the Brotherhood, Erdogan and especially find a group of us echoing the same important words do not forget that Saudi Arabia has dedicated a lifetime to the families of the victims of the military plane and the families of infants Boad will [link]	أين المشكلة عند زيارة تبون المملكة العربية السعودية بلد عربي شقيق والشعب الطيب الحقيقي يقلقني فقط ما هو قاع اليوم وهم يضيعون على إيران والإخوان وأردوغان وخاصة تجد مجموعة منا تردد نفس الكلمات المهمة لا تنسى أن المملكة العربية السعودية قد كرست عمرا لأسر ضحايا الطائرة العسكرية وعائلات الرضع Boad سوف [link]
CT20-AR-27	1232763347256463361	 السعودية  الجزائر ليلتكم أسعد   دام الشرف مع أهل الشرف   للشرف عنوان وللشرف رجاله   الله يحفظهم شامخين شاهقين   [رابط]		0	God’s people are blessed with the Holy Spirit, the Holy Spirit, the Holy Spirit, and the Holy Spirit.	إن شعب الله مباركون بالروح القدس والروح القدس والروح القدس والروح القدس.
CT20-AR-27	1232181530354704385	لايف [رقم] فبراير [رقم]  ما  نخلصش  صعد  حراكك  مدنية  ليست  عسكرية [رابط]		0	Live [number] February [number] What we find went up civilian movement is not military [link]	مباشر [عدد] فبراير [عدد] ما وجدناه ارتفع حركة مدنية ليست عسكرية [link]
CT20-AR-27	1232708386501922818	 الجزائر  السعودية رئيس الجمهورية يستقبل ولي العهد السعودي بمقر إقامته بالرياض [رابط]		0	Algeria Saudi President receives Saudi Crown Prince at his residence in Riyadh [link]	الرئيس الجزائري يستقبل ولي العهد السعودي في مقر إقامته بالرياض [link]
CT20-AR-27	1233095081239961601	رئيس الجمهورية عبد المجيد تبون يزور المسجد النبوي بالمدينة المنورة ويؤدي الصلاة في الروضة الشريفة كما قام بزيارة قبر الرسول صلى الله عليه وسلم  الجزائر [رابط]		0	President of the Republic Abdelmadjid Tebboune visits the Prophet's Mosque in Medina and performs prayers in the Rawdat al-Sharif as he visited the tomb of the Prophet (peace be upon him) in Algeria.	رئيس الجمهورية عبد المجيد تبون يزور المسجد النبوي في المدينة المنورة ويؤدي الصلاة في روضة الشريف كما زار قبر النبي (صلى الله عليه وسلم) في الجزائر.
CT20-AR-27	1232710930863214593	دفاع خالد تبون  تجاوزات كبيرة تعرض لها موكلي [رابط]		0	Khaled Taboun's defense is a major transgression suffered by my client [link]	دفاع خالد تبون هو تجاوز كبير عانى منه موكلي [link]
CT20-AR-27	1232929938401120256	البرلمان التونسي يوافق بأغلبية كبيرة على حكومة ائتلافية برئاسة الفخفاخ بعد جلسة ماراثونية [رابط] [رابط]		0	Tunisian parliament overwhelmingly approves coalition government headed by Fakhafakh after marathon session [link] [link]	البرلمان التونسي يوافق بأغلبية ساحقة على تشكيل حكومة ائتلافية برئاسة الفخراخ بعد جلسة ماراثونية [link] [link]
CT20-AR-27	1233159806648832002	رئيس الجمهورية يعود إلى أرض الوطن قادما من السعودية   [رابط] [رابط]		0	The President of the Republic returns home from Saudi Arabia [link] [link]	رئيس الجمهورية يعود إلى الوطن من السعودية [link] [link]
CT20-AR-27	1233019305249386500	خادم الحرمين الشريفين يعقد جلسة مباحثات مع الرئيس الجزائري ويستعرضان العلاقات بين البلدين    السعودية  الجزائر  [رابط]		0	Custodian of the Two Holy Mosques holds talks with Algerian President and reviews relations between Saudi Arabia and Algeria [link]	خادم الحرمين الشريفين يجري مباحثات مع الرئيس الجزائري ويستعرض العلاقات بين السعودية والجزائر [link]
CT20-AR-27	1232657266752577538	ترجمة التغريدة  لم تعد لدينا موارد نسترزق منها فالجنرالات في الجزائر الشقيقة لم يعد يصلنا منهم الا الفتات مع تزايد ضغوطات الشعب ، ف إليكم يا أصحاب القلوب الرقيقة ننشادكم بارسال اموال ليقتات منها قادتنا الأجلاء   [رابط]		0	We no longer have resources to draw from, the generals in Algeria no longer receive them, but crumbs with the increasing pressure of the people, to you, people of kind hearts, we appeal to you to send money to feed our loyal leaders [link]	لم يعد لدينا موارد نستفيد منها، لم يعد الجنرالات في الجزائر يتلقونها، ولكن الفتات مع الضغط المتزايد من الناس، إليكم، يا أصحاب القلوب الطيبة، نناشدكم إرسال الأموال لإطعام قادتنا الأوفياء.
CT20-AR-27	1232556157618868229	[مستخدم] لا مشكل في ذلك ، أترك لك تاريخ الجزائر المعاصر وإبان الإستعمار أبدع أنت في هاذا المجال وترك لي أنا تاريخ العرب  وأتمن أن أراك في هذا من المجتهدين لا من الذين يجيدون النقد من أجل الإنتقاد وفقط  طاب يومك 		0	[User] No problem with that, I leave you the history of modern Algeria and during the colonization I create you in this field and leave me the history of the Arabs and I hope to see you in this from the hardworking not from those who are able to criticize for the sake of criticism and just have a good day	لا مشكلة في ذلك، أترك لكم تاريخ الجزائر الحديثة وخلال الاستعمار أخلقكم في هذا المجال وأترك لي تاريخ العرب وأتمنى أن أراكم في هذا من المجتهدين وليس من القادرين على الانتقاد من أجل النقد ويكون مجرد يوم جيد
CT20-AR-27	1232271254423506945	إصابة نائب وزير الصحة الإيراني بفيروس  كورونا  [رابط] [رابط]		0	Iranian deputy health minister infected with coronavirus [link] [link]	نائب وزير الصحة الإيراني المصاب بفيروس كورونا [link] [link]
CT20-AR-27	1232267803455098881	الإعلامي  حسين  جناد  الدوري الجزائري الوحيد في العالم الذي لا يملك راعي رسمي  [رابط]		0	The only Algerian league in the world that does not have an official sponsor [link]	الدوري الجزائري الوحيد في العالم الذي ليس لديه راعي رسمي [link]
CT20-AR-27	1232944776711933953	في دولة العصابات إذا كنت إبن الرئيس فباخرة كوكايين تصبح قرعتين  ريحة   عطر  بينما إذا كنت شعبي  زاوالي  منشور على الفيسبوك يلقي بك في غياهب السجون بتهمة إضعاف معنويات الجيش   عدالة  حرة  مستقلة  لا  لعدالة  التلفون  الثورة  السلمية  مستمرة  الجزائر		0	In a guerilla state, if you're the president's son, a coke steamer becomes a couple of breaths of perfume, while if you're popular, Zawali's Facebook post throws you in jail for demoralizing the military, free and independent justice, not phone justice.	في حالة حرب العصابات ، إذا كنت ابن الرئيس ، فإن باخرة فحم الكوك تصبح أنفاسًا من العطور ، بينما إذا كنت مشهورًا ، فإن منشور زوالي على Facebook يلقي بك في السجن لإضعاف معنويات الجيش ، والعدالة الحرة والمستقلة ، وليس العدالة عبر الهاتف.
CT20-AR-27	1232288941111414785	وزارة التضامن تقدم مساعدات  لخالتي لويزة  في بيتها العائلي وتضمن لها الاستفادة من التكفل النفسي يوميا في دار المسنين [رابط] [رابط]		0	The Ministry of Solidarity provides assistance to Aunt Louise in her family home and guarantees her daily psychological support in the nursing home [link] [link]	تقدم وزارة التضامن المساعدة للعمة لويز في منزل عائلتها وتضمن لها الدعم النفسي اليومي في دار الرعاية [link] [link]
CT20-AR-27	1232307233674977280	درك قسنطينة يحجز كميات هائلة من الخمور كانت في طريقها الى أم البواقي [رابط]		0	Constantine's gendarme impounds vast quantities of liquor that was on its way to the mother of the Bouquets.	الدرك قسطنطين يحتجز كميات هائلة من الخمور التي كانت في طريقها إلى والدة بوكيه.
CT20-AR-27	1233143937520611339	تركيا تقصف مدينة اللاذقية معقل الرئيس السوري بشار الأسد ردا على مقتل عدد كبير من جنودها اليوم في إدلب 		0	Turkey bombs Syrian President Bashar al-Assad's stronghold of Latakia in response to the killing of a large number of its soldiers today in Idlib	تركيا تقصف معقل الرئيس السوري بشار الأسد في اللاذقية ردا على مقتل عدد كبير من جنودها اليوم في إدلب
CT20-AR-27	1232414418471997441	تونس [رقم] ملايين سائح المغرب [رقم]  [رقم] مليون سائح الجزائر [رقم] وغلط فالطيارة   وصدفة جا مصاب بالكورونا		0	Tunisia [number] millions of tourists Morocco [number] [number] million tourists Algeria [number] and the fault of the pilot and the accident of the infected Corona	تونس [أرقام] ملايين السياح المغرب [أرقام] [أرقام] مليون سائح الجزائر [أرقام] وخطأ الطيار وحادث كورونا المصاب
CT20-AR-27	1233138772944072720	رويترز نقلا عن مسؤول أمني تركي  أوامر لقوات الشرطة وخفر السواحل وأمن الحدود التركية بعدم اعتراض أي تدفق محتمل للاجئين نحو اوروبا 		0	Reuters quoted a Turkish security official as ordering Turkish police, coast guard and border security forces not to intercept any possible influx of refugees into Europe.	ونقلت رويترز عن مسؤول أمني تركي أنه أمر الشرطة التركية وخفر السواحل وقوات أمن الحدود بعدم اعتراض أي تدفق محتمل للاجئين إلى أوروبا.
CT20-AR-27	1232724952840908803	من الجزائر لقلبك كل الحب  HappyBirthdayNajwaKaram [مستخدم] [رابط]		0	From Algeria To Your Heart All Love HappyBirthdayNajwaKaram [Used] [link]	من الجزائر إلى قلبك كل الحب HappyBirthdayNajwaKaram [مستعمل] [link]
CT20-AR-27	1232710002403573760	الرئيس تبون يستقبل ولي العهد السعودي الأمير محمد بن سلمان [رابط] [رابط]		0	President Tebboune Receives Saudi Crown Prince Mohammed bin Salman	الرئيس تبون يستقبل ولي العهد السعودي الأمير محمد بن سلمان
CT20-AR-27	1232359619751751680	الذي لاحظته من خلال بعض المنشورات التي أنشرها او المتداولة ان الشعب  الجزائر  ي محب لبلاد الحرمين وشعب وحكام بلاد الحرمين  السعودية و لاعزاء للخونة والأعدء		0	What I noticed through some of the publications that I publish or circulate is that the people of Algeria love the country of the Two Holy Mosques and the people and rulers of the country of the Two Holy Mosques of Saudi Arabia and to console the traitors and enemies	ما لاحظته من خلال بعض المنشورات التي أقوم بنشرها أو تعميمها هو أن شعب الجزائر يحب بلد الحرمين الشريفين وشعب وحكام بلد الحرمين الشريفين في المملكة العربية السعودية ويواسي الخونة والأعداء.
CT20-AR-27	1232695437053878281	لماذا لا تعلق الجزائر رحلاتها إلى الدول التي انتشر بها كورونا  [رابط]		0	Why Algeria does not suspend flights to countries where Corona has spread [link]	لماذا لا تعلق الجزائر الرحلات الجوية إلى البلدان التي انتشر فيها كورونا
CT20-AR-27	1233049590846369792	استرجاع [رقم] مركبة مسروقة من [رقم] ولايات [رابط]		0	Retrieving [number] stolen vehicle from [number] states [link]	استرجاع [عدد] سيارة مسروقة من [عدد] الدول [رابط]
CT20-AR-27	1232996604883472384	أهداف الفيديو الموسيقي  [رقم] مليون مشاهدة في [رقم] سا [رقم] ملايين إعجاب أهداف الجزائر  المرتبة  [رقم] في ترند يوتيوب الجزائر ليومين أو أكثر الهاشتاغات    BringItON   ONMusicVideo [رابط]		0	Music video targets [number] million views in [number] sa [number] millions like Algeria goals ranked [number] in Algeria YouTube trend for two days or more hashtags BringItON ONMusicVideo [link]	يستهدف الفيديو الموسيقي [عدد] مليون مشاهدة في [عدد] sa [عدد] الملايين مثل أهداف الجزائر المرتبة [عدد] في الجزائر اتجاه يوتيوب لمدة يومين أو أكثر علامات التصنيف BringItON ONMusicVideo [link]
CT20-AR-27	1232987714770931714	هكذا رد وزير العدل حول سؤال يتعلق بسبب عدم تقريب فئات من المساجين من أماكن سكنهم لتجنب تنقل العائلات [رابط]		0	This is how the Minister of Justice responded to a question regarding the lack of proximity of categories of prisoners to their places of residence to avoid the movement of families [link]	هكذا رد وزير العدل على سؤال يتعلق بعدم قرب فئات السجناء من أماكن إقامتهم لتجنب تنقل العائلات [link]
CT20-AR-27	1233249612644978688	المجاهد الجزائري رابح مشحود   أول سلاح استخدمته الثورة الجزائرية مصري وأول مال سعودي  وبدعم الملك سعود سجلت القضية الجزائرية واستطاع وفدنا ان يتحرك بالأمم المتحدة  والدبلوماسية السعودية كانت محامية عن الجزائر  ويفترض ان تدرس لطلابنا  [رابط]		0	The Algerian Mujahid Rabeh Mouhoud the first weapon used by the Algerian revolution Egyptian and the first Saudi money and with the support of King Saud recorded the Algerian case and our delegation was able to move at the United Nations and Saudi diplomacy was a lawyer for Algeria and is supposed to study for our students [link]	المجاهد الجزائري رابح مهود السلاح الأول الذي استخدمته الثورة الجزائرية مصر وأول أموال سعودية وبدعم من الملك سعود سجل القضية الجزائرية وتمكن وفدنا من التحرك في الأمم المتحدة وكانت الدبلوماسية السعودية محامية للجزائر ومن المفترض أن تدرس لطلابنا [link]
CT20-AR-27	1233035861329088514	 السعودية  الجزائر   سعادتي لا توصف بهذا الفيض من التبسم وبهذا الوجدان الملتحم   ما بغيت شي آخر   اللهم لك الحمد بكرة وأصيلا والصلاة والسلام على سيدنا محمد وعلى آله وصحبه أجمعين [رابط]		0	Saudi Arabia Algeria My happiness is not described by this flood of smiles and this conscience attached to what I wanted something else, God bless you and prayer and peace on our master Mohammed and his family and company all (link)	السعودية الجزائر سعادتي لا توصف بهذا الطوفان من الابتسامات وهذا الضمير تعلق على ما أردت شيئا آخر، بارك الله فيكم وصلى وسلم على سيدنا محمد وأسرته وشركائه جميعا (رابط)
CT20-AR-27	1232597399085907968	رئيس الولايات المتحدة ترمب يبدأ أولى زياراته الخارجية ب  المملكة  العربية  السعودية ، رئيس روسيا بوتن يزور  المملكة  العربية  السعودية ،  المملكة  العربية  السعودية تستضيف قمة ال  [رقم]  رئيس الجزائر في ضيافة  المملكة  العربية  السعودية بينما أمير دويلة مجاورة يتنقل من دولة لدولة ماذا يفهم   		0	US President Trump Begins His First Foreign Visit to Saudi Arabia, Russian President Putin Visits Saudi Arabia, Saudi Arabia Hosts Algeria’s President’s Summit Hosted by Saudi Arabia as a Neighboring State Prince Moves From Country to Country What He Understands	الرئيس الأمريكي ترامب يبدأ أول زيارة خارجية له إلى المملكة العربية السعودية ، والرئيس الروسي بوتين يزور المملكة العربية السعودية ، والمملكة العربية السعودية تستضيف قمة الرئيس الجزائري التي تستضيفها المملكة العربية السعودية كأمير دولة مجاورة ينتقل من بلد إلى آخر ما يفهمه
CT20-AR-27	1232297754182979584	استنفار في الحماية المدنية لمواجهة فيروس كورونا [رابط]		0	Civil Protection Alert to Coronavirus [link]	تنبيه الحماية المدنية لفيروس كورونا [link]
CT20-AR-27	1233086074769092608	المجاهد الجزائري رابح مشحود   أول سلاح استخدمته الثورة الجزائرية مصري وأول مال سعودي  وبدعم الملك سعود سجلت القضية الجزائرية واستطاع وفدنا ان يتحرك بالأمم المتحدة  والدبلوماسية السعودية كانت محامية عن الجزائر  ويفترض ان تدرس لطلابنا  هذه السعودية التي أعادت دول بلا من او أذى [رابط]		0	The Algerian Mujahid Rabeh Mouhoud, the first weapon used by the Algerian revolution and the first Saudi money and with the support of King Saud, registered the Algerian case and our delegation was able to move at the United Nations and Saudi diplomacy was a lawyer for Algeria and is supposed to teach our students this Saudi Arabia, which returned countries without harm [link]	المجاهد الجزائري رابح موحود، السلاح الأول الذي استخدمته الثورة الجزائرية وأول أموال سعودية وبدعم من الملك سعود، سجل القضية الجزائرية وتمكن وفدنا من التحرك في الأمم المتحدة وكانت الدبلوماسية السعودية محامية للجزائر ومن المفترض أن تعلم طلابنا هذه السعودية التي أعادت دولا دون ضرر.
CT20-AR-27	1232641084410515456	الجزائر في قلب كل يمني أيضا [رابط]		0	Algeria is in the heart of every Yemeni too [link]	الجزائر في قلب كل يمني أيضًا [link]
CT20-AR-27	1232096772593508352	البحرين تعلق الرحلات القادمة من  دبي والشارقة [رقم] ساعة بسبب مخاوف من فيروس كورونا 		0	Bahrain suspends flights from Dubai and Sharjah [number] hour due to coronavirus concerns	البحرين تعلق رحلاتها من دبي والشارقة بسبب مخاوف من فيروس كورونا
CT20-AR-27	1232616094839590912	السردوك منين كان يعوعش على السفارة الإيطالية في الجزائر كان علابالو واش راه ادير [رابط]		0	Sardok Minin used to live on the Italian embassy in Algeria was Alabalu Wash Rah Adir [link]	ساردوك مينين كان يعيش في السفارة الإيطالية في الجزائر كان ألابالو واش راه أدير [link]
CT20-AR-27	1233019494294908929	تعجبني الجزائر كي تحتل المراتب الأولى [رابط]		0	I like Algeria to take the first place [link]	أحب أن تأخذ الجزائر المركز الأول [link]
CT20-AR-27	1233070681962708994	هاد العام ان شاء الله اللقب ليناا ادعموا [مستخدم]  الجزائر  توب  شيف  محمد  سي  عبد  القادر  MBCTopChef [رابط]		0	Hadith – Mishkat, Narrated Abu Sa’id May Allah be pleased with him	عن أبي هريرة -رضي الله عنه- عن النبي -صلى الله عليه وسلم-
CT20-AR-27	1232939532825374722	البويرة  مصالح الحمايةالمدنية تنجح في توليد امرأة داخل سيارة الاسعاف [رابط] [رابط]		0	Al-Boora Civil Protection Interests Successfully Deliver Woman Inside Ambulance [link] [link]	مصالح الحماية المدنية في بورة تنجح في تسليم امرأة داخل سيارة إسعاف [link] [link]
CT20-AR-27	1232579789158014977	تونس [رقم] ملايين سائح المغرب [رقم]  [رقم] مليون سائح الجزائر [رقم] ماشي حتى سائح  و جا مريض بالكورونا		0	Tunisia [number] Millions of tourists Morocco [number] [number] Million tourists Algeria [number] Walk up tourist and sick with Corona	تونس [عدد] ملايين السياح المغرب [عدد] [عدد] مليون سائح الجزائر [عدد] المشي السياحية والمرضى مع كورونا
CT20-AR-27	1232745053560463360	صور استقبال رئيس الجمهورية عبد المجيد تبون لولي العهد السعودي محمد بن سلمان في مقر اقامته بالرياض على هامش الزيارة الرسمية للسعودية  الجزائر  السعودية [رابط]		0	Photos of President Abdelmadjid Tebboune's reception of Saudi Crown Prince Mohammed bin Salman at his residence in Riyadh on the sidelines of the official visit to Saudi Arabia	صور استقبال الرئيس عبد المجيد تبون لولي العهد السعودي الأمير محمد بن سلمان في مقر إقامته بالرياض على هامش الزيارة الرسمية للسعودية
CT20-AR-27	1232589964497563649	خلاصت الزيارة المهم متنساش شد الشراذم هاذوك علينا وتهلا آني وصيتك قلهم متنساوش بلي خيركم مكتاف الجزاير و روحو صلو وأدعو للتلفزيون الجزائري لي خلاكم تبانو  ايا صح تهلا [رابط]		0	You are the one who made the most of this, and you are the one who made the most of this, and you are the one who made the most of it.	أنت الذي صنعت أكثر من هذا، وأنت الذي صنعت أكثر من هذا، وأنت الذي صنعت أكثر منه.
CT20-AR-27	1232280280838410240	الرئيس تبون يستقبل أمير قطر الذي شرع اليوم في زيارة رسمية إلى الجزائر [رابط]		0	President Tebboune receives the Emir of Qatar who today embarked on an official visit to Algeria [link]	الرئيس تبون يستقبل أمير قطر الذي شرع اليوم في زيارة رسمية للجزائر [link]
CT20-AR-27	1233019677972017154	الرئيس تبون يستقبل من طرف الملك سلمان [رابط] [رابط]		0	President Tebboune received by King Salman [link] [link]	الرئيس تبون استقبله الملك سلمان [link] [link]
CT20-AR-27	1232223374493077504	أمير قطر يغادر تونس متوجها الى الجزائر [رابط] [رابط]		0	Emir of Qatar leaves Tunisia for Algeria [link]	أمير قطر يغادر تونس إلى الجزائر [link]
CT20-AR-27	1232536919592067075	 ويرزقه من حيث لا يحتسب  كثير من الناس لايفهم من هذه ا ية إلا الرزق المالي ونحوه قال ابن الجوزي   و رزق الله قد يكون بتيسير الصبر على البلاء  اللهم تيسيرا منك لنا في الارزاق كلها  صباح  الخير  الجزائر		0	A lot of people will not understand this except for the financial sustenance and the like, Ibn al-Jawzi and Rizq Allah may be easy patience on the scourge of Allah to facilitate us in the prosperity of all the good morning Algeria	الكثير من الناس لن يفهموا هذا إلا من أجل الإعالة المالية وما شابه ذلك، ابن الجوزي و رزق الله قد يكون من السهل الصبر على آفة الله لتسهيل لنا في ازدهار كل صباح الخير الجزائر
CT20-AR-27	1232346749936771075	النجم الجزائري رياض محرز يصل مدريد رفقة بعثة مانشستر سيتي قبل موقعة الفريقين غدا [رابط]		0	Algerian star Riad Mahrez arrives in Madrid with the Manchester City mission before the signing of the two teams tomorrow [link]	النجم الجزائري رياض محرز يصل إلى مدريد مع بعثة مانشستر سيتي قبل توقيع الفريقين غدا
CT20-AR-27	1232274182030974976	حج الجنرالات إلى الإمارات أصبح ركن من أركان النظام    الحراك  مستمر		0	The generals’ pilgrimage to the UAE has become one of the pillars of the regime.	أصبح حج الجنرالات إلى الإمارات العربية المتحدة أحد أعمدة النظام.
CT20-AR-27	1232792341083238400	جماهير مانشستر سيتي  محرز يحسن التمثيل وليستر يليق به التفاصيل  [رابط] [رابط]		0	Manchester City fans improved representation and Leicester befitting the details [link] [link]	جماهير مانشستر سيتي تحسنت التمثيل وليستر ليستر يليق التفاصيل [link] [link]
CT20-AR-27	1232641268267782144	هذا ما سيخضع له كل المسافرين الذين كانوا في نفس رحلة الرعية الايطالي من روما الى ورقلة [رابط]		0	This is what will be subject to all passengers who were on the same flight of Italian subjects from Rome to Ouargla.	هذا هو ما سيخضع لجميع الركاب الذين كانوا على نفس الرحلة من الرعايا الإيطاليين من روما إلى ورقلة.
CT20-AR-27	1232703895903797249	حرق مسجد واعتداءات بالجملة على الأقلية المسلمة في الهند [رابط] [رابط]		0	Mosque burning and wholesale attacks on Muslim minority in India [link] [link]	حرق مسجد وهجمات بالجملة على الأقلية المسلمة في الهند [link]
CT20-AR-27	1233110934031347713	 مجمل  القول  الرياض تستقبل رئيسي الجزائر و موريتانيا ومستشار ملك المغرب  [رابط]		0	Riyadh receives the presidents of Algeria and Mauritania and adviser to the King of Morocco [link]	الرياض تستقبل رئيسي الجزائر وموريتانيا ومستشار ملك المغرب [link]
CT20-AR-27	1233070374704820225	 بالصور رئيس الجزائر  عبد  المجيد  تبون يصل  المدينة المنورة و يؤدي صلاة المغرب ب  المسجد  النبوي [رابط]		0	In pictures President of Algeria Abdelmadjid Tebboune arrives in Medina and performs the prayer of Morocco in the Prophet's Mosque [link]	بالصور الرئيس الجزائري عبد المجيد تبون يصل إلى المدينة المنورة ويؤدي صلاة المغرب في المسجد النبوي [link]
CT20-AR-27	1232956997894537217	 الجزائر  رياضة تأهل كل من الملاكمين الجزائريين محمد فليسي  [رقم] كلغ  ويونس لموشي  [رقم] كلغ  وعبد الحفيظ بن شبلة  [رقم] كلغ  هذا الأربعاء إلى اولمبياد  طوكيو  [رقم]  Tokyo[رقم] [رابط] [رابط]		0	Algeria Sport Algerian boxers Mohamed Felicy [number] kg and Yunus Moshe [number] kg and Abdelhafiz Ben Shabla [number] kg this Wednesday to the Tokyo Olympics [number] Tokyo[number] [link]	الجزائر الرياضة الملاكمين الجزائريين محمد فيليسي [عدد] كغ و يونس موشي [عدد] كغ و عبد الحفيظ بن شبلا [عدد] كغ هذا الأربعاء إلى أولمبياد طوكيو [عدد] طوكيو [عدد] [رابط]
CT20-AR-27	1233070380392353804	 رئيس  الجمهورية عبد المجيد  تبون يصل إلى  المدينة  المنورة ويصلىي في  المسجد  النبوي [رابط]		0	President of the Republic Abdelmadjid Tebboune arrives in Medina and prays in the Prophet's Mosque [link]	رئيس الجمهورية عبد المجيد تبون يصل إلى المدينة المنورة ويصلي في المسجد النبوي [link]
CT20-AR-27	1233016148679106560	خادم الحرمين الشريفين يستقبل رئيس الجمهورية الجزائرية ويقيم مأدبة غداء تكريما له    المملكة  الجزائر  [رابط]		0	The Custodian of the Two Holy Mosques receives the President of the Republic of Algeria and holds a luncheon in his honor Kingdom of Algeria [link]	خادم الحرمين الشريفين يستقبل رئيس الجمهورية الجزائرية ويقيم مأدبة غداء على شرفه المملكة الجزائرية [link]
CT20-AR-27	1232585327430242305	أرميز كما تعلمون ، لقد حققنا أهدافنا التي قمنا بوضعها قبل أسابيع من العودة بانقتان ، وثقنا بكم وفي [رقم] أيام قد حققت رغم ان أهداف تطبيق سبوتفاي أخدت القليل من الوقت لكن نحن فخورين بكم ولا ننسى أن الجزائر في المرتبة [رقم] عالميا مشاهدتا لبانقتان Keep going ARMY  DzARMYChart [مستخدم] [رابط]		0	Armiz As you know, we have achieved our goals that we set weeks before the return in two elegance, and we trusted you and in [number] days have achieved even though the goals of the application Spotify took a little time, but we are proud of you and do not forget that Algeria ranked [number] globally Watching Bangaan Keep going ARMY DzARMYChart [user] [link]	كما تعلمون، لقد حققنا أهدافنا التي وضعناها أسابيع قبل العودة في اثنين من الأناقة، ونحن نثق بكم وفي [عدد] أيام قد حققت على الرغم من أن أهداف تطبيق سبوتيفي استغرق بعض الوقت، ولكن نحن فخورون بكم ولا ننسى أن الجزائر في المرتبة [عدد] على الصعيد العالمي مشاهدة بنغان الحفاظ على الذهاب Army DzARMYChart [المستخدم] [link]
CT20-AR-27	1232406460484681728	 اللهم إني أعوذ بك من البرص ، والجنون والجذام ، ومن سيئ الأسقام  دعاء نبوى قاله النبى  صلى الله عليه وسلم  عند انتشار الوباء ووصى أصحابه بتريديه عند وقوع البلاء   الجزائر		0	I pray for you, O Lord, that you will be healed of your sins, and that you will be healed of your sins.	أدعوك يا رب أن تشفى من خطاياك وأن تشفى من خطاياك.
CT20-AR-27	1232257310296354817	وفاة الرئيس المصري الأسبق محمد حسني مبارك [رابط] [رابط]		0	The death of former Egyptian President Mohamed Hosni Mubarak [link]	وفاة الرئيس المصري السابق محمد حسني مبارك [link]
CT20-AR-27	1232683816436760577	مدير الوقاية بوزراة الصحة  تخصيص الرقم الأخضر  [رقم]  للمواطنين الراغبين في الإستعلام بخصوص فيروس  كورونا  [رابط]		0	The Director of Prevention at the Ministry of Health has allocated the green number [number] for citizens wishing to inquire about the Corona virus [link]	قام مدير الوقاية في وزارة الصحة بتخصيص الرقم الأخضر [العدد] للمواطنين الراغبين في الاستفسار عن فيروس كورونا [link]
CT20-AR-27	1233098617520640002	ما شاء الله تبارك الله   فخر  الجزائر يا رب وفقني لأساهم في تنشئة جيل جديد يسير على خطى الصالحين  بارك الله في أبويه و معلميه [رابط]		0	God’s will is God’s will for me and for my children to be able to walk in God’s ways.	جزاكم الله خيرا ان شاء الله وجزاكم الله خيرا ان شاء الله
CT20-AR-27	1232708476830351361	ال يديو الموسيقي الرسمي للأغنية الرئيسية ON سيتم اصداره غدا الخميس [رقم] فبراير في الساعة [رقم]  [رقم] بتوقيت الجزائر و ليس يوم الجمعة  قوموا بتنبيه الأرميز الذين تعرفونهم بموعد صدوره و انشرو الأهداف التي نسعى لتحقيقها [مستخدم] [رابط]		0	The official music video for the theme song ON will be released tomorrow, Thursday [number] February at [number] Algerian time and not on Friday, alert the ARMS you know when it will be released and spread the goals we seek to achieve [user] [link]	الفيديو الموسيقي الرسمي للأغنية الرئيسية ON سيصدر غدا، الخميس [عدد] فبراير في [عدد] بتوقيت الجزائر وليس يوم الجمعة، تنبيه ARMS تعلمون متى سيتم الافراج عنه ونشر الأهداف التي نسعى لتحقيق [المستخدم] [رابط]
CT20-AR-27	1232640010408648704	كل شيء مباح من أجل إجهاض الحراك الشعبي لكن هيهات يا سلطة فأساليبك أصبحت بالية و لا تجاري هذا العصر و لا هذا الجيل [مستخدم] رانا لحقنا ليها منى مع بعض التأخير بصح رانا فيها  الحراك  مستمر  فيروس  كورونا [رابط]		0	Everything is permissible in order to abort the popular movement, but it is a matter of authority, your methods have become obsolete and not compatible with this age and not this generation [user] Rana followed her with some delay Rana health movement continues Corona virus [link]	كل شيء جائز من أجل إجهاض الحراك الشعبي، لكنها مسألة سلطة، طرقك أصبحت بالية وغير متوافقة مع هذا العصر وليس هذا الجيل [المستخدم] رانا تبعتها بشيء من التأخير حركة رنا الصحية تواصل فيروس كورونا [link]
CT20-AR-27	1232356687358701569	بعد  الأردن و  تونس   أمير قطر «  تميم بن حمد » يزور  الجزائر ، وهذه أبرز تصريحاته  علاقات قطر مع تونس قوية ونموذج يحتذى به  تجمعنا مع الجزائر روابط عميقة ومصالح مشتركة  [رابط]		0	After Jordan and Tunisia, the Emir of Qatar Tamim bin Hamad visits Algeria, and these are his most prominent statements Qatar's relations with Tunisia is strong and a role model that brings us with Algeria deep ties and common interests.	بعد الأردن وتونس، يزور أمير قطر تميم بن حمد الجزائر، وهذه أبرز تصريحاته علاقات قطر مع تونس قوية ونموذج يحتذى به يجمعنا مع الجزائر بعلاقات عميقة ومصالح مشتركة.
CT20-AR-27	1233007471511449601	 الجزائر  السعودية ولي العهد السعودي  محمد  بن  سلمان  يدعو للجزائر [رابط]		0	Saudi Arabia's Crown Prince Mohammed bin Salman calls for Algeria	ولي العهد السعودي الأمير محمد بن سلمان يدعو إلى الجزائر
CT20-AR-27	1232962778371104768	 كاس  العرب  لمنتخبات  الشباب  مباريات مدينة الخبر   تونس  الجزائر  ملعب الأمير سعود بن جلوي  التوقيت  [رقم]  [رقم]  اليوم  الخميس    دور المجموعات   ربع النهائي  [رابط]		0	Al Arab Cup for Youth Teams matches Khobar Tunisia Algeria Prince Saud bin Jalawi Stadium Timing [No.] [No.] Thursday, the quarter-finals [link]	كأس العرب لفرق الشباب مباريات الخبر تونس الجزائر الأمير سعود بن جلوي توقيت الاستاد [لا] [لا] الخميس الدور ربع النهائي [link]
CT20-AR-27	1232319712174002178	الشيخ فرحات يبشرنا   إن شاء الله شهر مارس فيه خيرات من أمطار وثلوج بإذن الله اللهم أغثنا الغيث النافع  الجزائر [رابط]		0	In the month of Ramadan, Allah’s Messenger (Sallallahu Alayhi wa Sallam) ordered us to enjoy the blessings of rain and snow.	في شهر رمضان ، أمرنا رسول الله (صلى الله عليه وآله وسلم) بالاستمتاع ببركات المطر والثلوج.
CT20-AR-27	1232970849029935105	اليابان تعلن إغلاق المدارس مؤقتا بسبب فيروس كورونا [رابط] [رابط]		0	Japan announces temporary closure of schools due to coronavirus [link] [link]	اليابان تعلن إغلاق المدارس مؤقتًا بسبب فيروس كورونا [link] [link]
CT20-AR-27	1233027865773559814	الهجرة إلى بلد أوروبي كافر يحترم الإنسان   خير من الصبر على بلد مسلم يحترم أصحاب المناصب فقط   أعتقد أن الهجرة أصبحت مسألة وقت   O r  الجزائر		0	Immigration to an infidel European country that respects man is better than patience for a Muslim country that respects office-holders only I think immigration has become a matter of time for Algeria	الهجرة إلى بلد أوروبي كافر يحترم الإنسان أفضل من الصبر على بلد مسلم يحترم أصحاب المناصب فقط أعتقد أن الهجرة أصبحت مسألة وقت للجزائر
CT20-AR-27	1232579861035847682	الرئيس تبون يغادر الجزائر نحو السعودية [رابط] [رابط]		0	President Tebboune leaves Algeria for Saudi Arabia [link] [link]	الرئيس تبون يغادر الجزائر إلى السعودية [link] [link]
CT20-AR-27	1232280998819368960	إطارات الجيش يناقشون تطور الصناعات العسكرية وانعكاساتها [رابط] [رابط]		0	Army tires discuss the development of military industries and their implications [link] [link]	إطارات الجيش تناقش تطوير الصناعات العسكرية وآثارها [link] [link]
CT20-AR-27	1233021694392045568	عبر رئيس الجمهورية  عبد المجيد  تبون على صفحته بموقع التواصل الاجتماعي فايسبوك  عن شكره للكلمات الطيبةالتي تضمنتها الرسالة التي وجهتها اليه الجالية الجزائرية المقيمة ب  المملكة  العربية  السعودية  [رابط]		0	President of the Republic Abdelmadjid Tebboune expressed on his Facebook page his thanks for the kind words contained in the letter sent to him by the Algerian community residing in Saudi Arabia [link]	أعرب رئيس الجمهورية عبد المجيد تبون على صفحته على الفيسبوك عن شكره للكلمات الرقيقة الواردة في الرسالة المرسلة إليه من قبل الجالية الجزائرية المقيمة في المملكة العربية السعودية [link]
CT20-AR-27	1232253788326633473	نفس الاشخاص يقولك واش جاب الحراك  رآه طول  ، يقعد شوية و يقولك لا راك حاب يجي ايد صالح لا روند وصط و يمدلك مفاتيح المرادية  ملازمش يطول   ياو هاذا processus انتقال ديمقراطي ، متقلقش برك  التغيير سيكون و نحو الأفضل ، و كل شيء في وقتو و بلا مزية حتى واحد  الحراك  مستمر  الثلاثاء [رقم]		0	The same people tell you that the movement has seen him for a long time, sit down and say that you don't like him, but you can't run and give you the keys to the need to live longer. This processus democratic transition, worrying about the blessings of change will be and for the better, and everything at the same time and without advantage even one movement continues Tuesday [number]	نفس الأشخاص يخبرونك أن الحركة قد رأته لفترة طويلة ، تجلس وتقول إنك لا تحبه ، لكنك لا تستطيع الركض وتعطيك مفاتيح الحاجة إلى العيش لفترة أطول. هذا التحول الديمقراطي للعملية ، والقلق بشأن نعمة التغيير سيكون وللأفضل ، وكل شيء في نفس الوقت وبدون ميزة حتى حركة واحدة تستمر يوم الثلاثاء [عدد]
CT20-AR-27	1232125266350280706	ياسمين سي حاج محند حاليا في سجن الحراش ومن المقرر محاكمتها يوم الأحد [رقم] مارس  وفقا ل CNLD ، تم اعتقالهاأمام السينما الجزائر وهي تصور المباشر للحراك يوم الجمعة ال [رقم] لذلك دعونا نتوقف عن قول أي شيء والتركيز على أهداف الحراك من أجل جزائر جديدة  الحراك  مستمر  ياسمين  سي  حاج  محند [رابط]		0	Yasmine Se Haj Mahand is currently in El Harrach prison and is scheduled to be tried on Sunday[number] March According to CNLD, she was arrested in front of the cinema Algeria and is filming live for the movement on Friday[number] so let's stop saying anything and focus on the goals of the movement for a new Algeria The movement continues Yasmine Se Haj Mahand[link]	ياسمين سي حاج ماهند حاليا في سجن الحراش ومن المقرر أن يحاكم يوم الأحد [رقم] مارس وفقا ل CNLD ، تم اعتقالها أمام السينما في الجزائر وهي تصور مباشرة للحركة يوم الجمعة [رقم] لذلك دعونا نتوقف عن قول أي شيء والتركيز على أهداف الحركة من أجل الجزائر جديدة تستمر الحركة ياسمين سي حاج ماهند [link]
CT20-AR-27	1232948019575869441	تبون يقدم تعازيه في وفاة الأمير طلال بن سعود [رابط] [رابط]		0	Tebboune offers his condolences on the death of Prince Talal bin Saud [link] [link]	تبون يقدم تعازيه في وفاة الأمير طلال بن سعود [link] [link]
CT20-AR-27	1232408206523191299	الجزائر ضربها فيروس كورونا تونس ضربها فيروس كورونا مصر ضربها فيروس كورونا الأردن ضربها فيروس كورونا قطر ضربها فيروس كورونا السعودية ضربها فيروس كورونا لبنان ضربو فيروس كورونا الكويت ضربها فيروس كورونا    الا سوريا شو هالنظام القمعي حتى الفيروس ما تكيف  غرد  متل  جحاش  الثورة		0	Algeria hit by Corona virus Tunisia hit by Corona virus Egypt hit by Corona virus Jordan hit by Corona virus Qatar hit by Corona virus Saudi Arabia hit by Corona virus Lebanon hit Corona virus Kuwait hit by Corona virus only Syria Show the repressive regime until the virus adapts	الجزائر ضربها فيروس كورونا تونس ضربها فيروس كورونا مصر ضربها فيروس كورونا الأردن ضربها فيروس كورونا قطر ضربها فيروس كورونا السعودية ضربها فيروس كورونا لبنان ضرب فيروس كورونا الكويت ضربها فيروس كورونا سوريا فقط أظهر النظام القمعي حتى يتكيف الفيروس
CT20-AR-27	1232292598741700611	وزير العمل يستقبل الرئيس التنفيذي لمجموعة أوريدو القطري سعود بن ناصر آل ثاني [رابط] [رابط]		0	Minister of Labor Receives CEO of Ooredoo Qatar Group Saud bin Nasser Al Thani [link] [link]	وزير العمل يستقبل الرئيس التنفيذي لمجموعة Ooredoo قطر سعود بن ناصر آل ثاني [link] [link]
CT20-AR-27	1232673606909513729	رئيس الجزائر يصل إلى الرياض البطالي باع كوته ماشرى له كوت ثاني  [رابط] [رابط]		0	President of Algeria arrives in Al-Riyadh Al-Batali sold his cote mashra Cote Thani [link] [link]	الرئيس الجزائري يصل إلى الرياض البطالي يبيع ماشرا كوت ثاني [وصلة] [وصلة]
CT20-AR-27	1233057299754819585	أين هي السيادة   العلم الجزائري خط أحمر  صدعتلي راسي هذي الجملة وين راهم لي عندهم مشكل مع الراية أهدر ما تخافش السعودية هذي ماشي قبايل ولا تشطار غير فالقبايل عيش الرخس العالمي وحدك  الجزائر  Algerie [رابط]		0	Where is the sovereignty of the Algerian flag red line rusty my head this sentence Wayne saw me have a problem with the banner wasted what fear Saudi Arabia this is a mashes Kabyle and do not share other than the domes live the world Rokh alone Algeria Algerie [link]	أين سيادة العلم الجزائري الخط الأحمر صدئ رأسي هذه الجملة واين رآني عندي مشكلة مع الراية إهدار ما تخشاه السعودية هذا هو الهائج الكبير ولا يتشارك غير القباب يعيش العالم رخ وحده الجزائر الجزائر [link]
