topic_id	tweet_id	tweet_text	claim	claim_worthiness	WE_text
CT21-AR-02	1347337912745037824	 ترامب  من شاركوا في أعمال العنف بمبنى  الكونغرس لا يمثلون بلدنا وسيدفعون الثمن	1.0	1	يقولون للذين شاركوا بحملة إثارة العنف بمبنى الكونغرس لا يمثلون بلدنا وعليهم الثمن
CT21-AR-02	1347707160365588480	تويتر  قرار إلغاء حساب  ترمب بشكل دائم جاء بعد مراجعة دقيقة لتغريداته مؤخرا وخوفا من خطر المزيد من التحريض على العنف  أمريكا [رابط]	1.0	1	تويتر قرار بتعليق خدمة [بريد] بشكل دائم ، بعد مراجعة دقيقة للحالة وتحليل وخوفا بشأن خطر المزيد من التحريض ونشر العنف أمريكا [رابط]
CT21-AR-02	1347716374529933312	الأحداث تتسارع والطريق بين البيت الأبيض والمحاكم الأمريكية يتقلص  هل خطر على بال  ترامب أنه سيخرج من البيت الأبيض إلى المحاكمة  [رابط]	1.0	1	واشنطن تتسارع والطريق إلى المبنى الأبيض والمحاكم يتسع ” هل خطر في بال ترامب أنه سيعيد رئيس البيت الأبيض إلى المحاكمة [رابط]
CT21-AR-02	1348664896628678657	أصدرت بيلوسي إنذارا لمدة [رقم] ساعة لنائب الرئيس مايك بنس لاستدعاء التعديل الخامس والعشرين لإقالة الرئيس ترامب بسبب اضطرابات الكابيتول الأمريكية أو أن التصويت على عزل الرئيس سيطرح في مجلس النواب  [رابط]	1.0	1	رفض بيلوسي إنذارا له[رقم]ساعة لنائب الرئيس مايك بنس وهو المسئول الحكومي المطلوب من فريق ترامب بسبب أخطاء الكابيتول ، أو أن التصويت على هذا الرئيس سيطرح إلى مجلس النواب [رابط]
CT21-AR-02	1347400134787792899	هددت رئيسة مجلس النواب الأمريكي نانسي بيلوسي ببدء إجراءات عزل الرئيس المنتهية ولايته دونالد ترامب ، داعية إلى تفعيل المادة [رقم] من الدستور الخاصة بتنحية الرئيس  [رابط]	1.0	1	أعلنت رئيسة مجلس النواب الأمريكي 2019 بيلوسي باستئناف إجراءات مقاضاة الرئيس المنتهية ولايته الرئيس ترامب غدا داعية إلى إنهاء المادة[رقم]مبادئ الدستور الخاصة بدور الامير [رابط]
CT21-AR-02	1348081480166158344	عاجل  فورين بوليسي  مسؤولون بوزارة الخارجية يقدمون لبومبيو برقية ثانية تدين ترمب بالتحريض على اقتحام الكونغرس	1.0	1	عاجل فورين تشيني مسؤولون وزارة الخارجية نقلوا لبومبيو برقية ثانية تتهم أوباما بالتحريض على عرقلة الكونغرس
CT21-AR-02	1347686217169719296	تويتر تغلق حساب  ترمب بشكل دائم [رابط]	1.0	1	الفيسبوك تغلق منصة يوتيوب بشكل دائم [رابط]
CT21-AR-02	1348192976225275906	 مباشر  بيلوسي تطالب أعضاء الكونغرس بالاجتماع للبدء بإجراءات محاكمة  ترمب وعزله   نشرة الأخبار من التلفزيون العربي [رابط]	1.0	1	مباشر بيلوسي تطالب لجان الكونغرس بالاجتماع والسير بإجراءات ملاحقة بولتون — نشرة إخبارية من التلفزيون العربي [رابط]
CT21-AR-02	1347706691605979136	بعد حظر حساب الرئيس الامريكي نهائيا   حساب جديد يظهر على تويتر يحمل اسم  جون بارون  وصورة معدلة بالفوتوشوب للرئيس الأمريكي يقول فيها التعريف  لست دونالد  ترمب  اللافت أن الحساب بدأ يستقطب عشرات آلاف المتابعين دون التأكد من هوية صاحبه  عبر هذا الحساب [مستخدم]	1.0	1	بعد حظر نائب الرئيس الامريكي نهائيا حساب جديد نشط على الدوام يحمل اسم جون بارون وصورة معدلة بالفوتوشوب للسفير الأمريكي جاء فيها التعريف لست دونالد بل اللافت أن الحساب بدأ يستقطب المزيد من السعوديين دون التأكد من هوية صاحبه عبر معرف الحساب[مستخدم]
CT21-AR-02	1348731441933398017	ماذا سيخسر  ترمب في حال عزله  [رابط]	1.0	1	ولماذا سيخسر الشعب في مقابل عزله [رابط]
CT21-AR-02	1348300868001665030	لا تزال تبعات احداث الخميس الماضي تتصاعد من الدعوة الى عزل  ترمب ومطاردة مقتحمي  الكونغرس  والبحث عن قتلة رجل الامن الذي تم ضربه ثم جره على الدرج وطعنه بالحديد والعصي من قبل متظاهرين  هذه الاحداث ستترك أثرها لفترة طويلة  العسكري خلال ضربه [رابط]	1.0	1	لا تزال تبعات احداث الخميس الماضي تبقى بفعل الدعوة الى عزل المسلمين ومطاردة مقتحمي الكونغرس والبحث عن قتلة رجل الامن الذي تم ضربه عبر جره على الدرج وطعنه بالحديد والعصي من قبل متظاهرين هذه الاحداث اثارت تساؤلات حول الانقلاب العسكري هذه الفترة [رابط]
CT21-AR-02	1347719354079735809	 عاجل الرئيس دونالد  ترامب  لن أستقيل ولن أسلم السلطة إلى النائب مايك بنس   CBS 	1.0	1	ترامب المرشح الامريكي ترامب لن أستقيل ولم أحيل السلطة لحكومة النائب مايك بنس CBS
CT21-AR-02	1348537176515084289	الشمطاء نانسي بيلوسي  تفصلنا ايام فقط حتى نتمتع بالحماية من الرئيس  ترامب ولكنه فعل شيئا خطيرا يستوجب مقاضاته  عزله   ماهو الشي الخطير الذي يجعل العصابة لا تنتظر بضعة أيام  انه ما تم الإستيلاء عليه من وثائق من حاسوبها الشخصي في أحداث الكونغرس وشاهد القلق في ملامح وجهها   [رابط]	1.0	1	الشمطاء نانسي بيلوسي تفصلنا ايام معدودة حتى نتمتع بالحماية من الرئيس ترامب ولكنه فعل شيئا خطيرا يستوجب مقاضاته عزله ماهو الشي الخطير الذي يجعل العصابة لا تنام 4 ساعات انه ما تم الاستحواذ عليه من معلومات من حاسوبها القديم اسفل برج الكونغرس وشاهد القلق في ملامح الوجوه [رابط]
CT21-AR-02	1347456686009815041	مايك بامبيو ، وزير خارجية  ترامب ، وأبرز المقربين منه ، أحد الوزراء الذين بحثوا تفعيل المادة [رقم] من الدستور الأمريكي لعزل الرئيس بعد واقعة اقتحام الكونجرس   كلهم باعوك يا ريتشارد  	1.0	1	مايك ماس ، وزير خارجية ترامب ، وأبرز المقربين لديه يعدون أحد أكبر من يخشون تفعيل المادة[رقم]من أصل 1 سيادة الرئيس بعد مظاهرات اقتحام الكونجرس كلهم باعوك أمريكا ريتشارد
CT21-AR-02	1348132292330450944	الخبير في السياسة الخارجية الأميركية وليد فارس  إيقاف حساب  ترمب على  تويتر جزء من حملة لإقصائه عن المشهد السياسي والإعلامي  العربية [رابط]	1.0	1	الخبير في السياسة الإعلامية اعتبر فريد البخاري إيقاف حساب ترمب على وقع جزءا من حملة لإقصائه عن الجدل السياسي والإعلامي الداخلي [رابط]
CT21-AR-02	1348115199161749519	الأيام دول   بعد اقتحام  الكونغرس هل ذاقت  أمريكا ما فعلته بالشرق الأوسط  [رابط]	1.0	1	الأيام الأخيرة سبقت اقتحام الكونغرس لو ذاقت أمريكا يوم حصل بالشرق الأوسط [رابط]
CT21-AR-02	1347699711201992707	يبدو ان الجهود الان تتمحور حول اقناع  ترمب بالاستقالة  لماذا   لان استقالته تعني ان  بنس سيتمكن من اصدار عفو عنه  وستجنبه محاكمة عزل الذي قد تؤدي الى منعه من الترشح للرئاسة مجددا   اذا استقال  [رقم]  يتجنب قضايا المحاكم [رقم]  يستطيع الترشح مجددا 	1.0	1	ويذكر ان الجهود الان مركزا حول اقناع ترمب بالاستقالة لماذا لان استقالته مفادها ان بنس يستطيع فقط اصدار التعليمات عنه وستجنبه محاكمة عزل جديدة ربما تؤدي الى منعه امكانية الترشح للرئاسة مطلقا اذا استقال[رقم]يتجنب أبواب المحاكم[رقم]يستطيع العودة مجددا
CT21-AR-02	1348191016302637057	طلبت رئيسة مجلس النواب  بيلوسي من زملائها الديمقراطيين الاستعداد للعودة إلى واشنطن هذا الأسبوع ، فيما يواجه الرئيس  ترمب ، الذي أغلق موقع  تويتر  حسابه الشخصي ، مسعى جديدا من الديمقراطيين لعزله بعدما تم اقتحام مبنى الكونغرس من قبل أنصاره ومؤيديه [رابط]  العربية	1.0	1	طلبت رئيسة اللجنة نانسي بيلوسي مع زملائها الثلاثاء الاستعداد للعودة إلى واشنطن هذا الأسبوع ، فيما يواجه الرئيس ترمب وعائلته الذي أغلق موقع [رابط] باسمه الشخصي ، تهديدا جديدا من الديمقراطيين لعزله بعدما تم اقتحام جلسة الكونغرس ، قبل أنصاره ومؤيديه [رابط]2
CT21-AR-02	1348298378795479040	تقرير ل  NBC   أكثر من [رقم] مشرع في  الكونغرس والبرلمان يدعمون عزل  ترمب على خلفية اقتحام مبنى الكابيتول [رابط]	1.0	1	تقرير ل NBC قصة واقعية[رقم]أكثرية بين المجلس والبرلمان يدعمون عزل أولمرت حول خلفية اقتحام مبنى الكابيتول [رابط]
CT21-AR-02	1348515891215028224	جنون نانسي بيلوسي في عزل الرئيس  ترامب بعد أحداث مبنى الكونغرس وفقدان وثائق والحاسوب الخاص بها وبعض زملاءها من أعضاء مجلس الشيوخ زاد من ذلك المطلب والغريب أن ترمب كأنه كان يعلم ذلك بل خطط له   شاهد ترامب وهو يدعو أنصاره يوم [رقم] يناير بالذهاب للإحتجاج سلميا عند الكونغرس   [رابط]	1.0	1	جنون نانسي بيلوسي حاولت عزل الرئيس ترامب عن أحداث مبنى الكونغرس وفقدان وثائق والحاسوب خاصة بالإدارة وبعض زملاءها وبقية أعضاء مجلس الشيوخ زاد فيهم ذلك الإحساس والغريب أن ترمب شخصيا كان يعلم بالهجوم بل خطط له شاهد ترامب وهو يدعو قبل يوم[رقم]يناير 2002 تظاهرة سلميا امام الكونغرس [رابط]
CT21-AR-02	1348196972453388291	ظل إقتحام مبنى الكونغرس هو أغرب أحداث الإنتخابات الأمريكية ، حتى أبدى جواد ظريف والمغردون العرب إمتعاضهم من حرية الرأي والتعبير في أمريكا ، فبات ذلك هو أغرب حدث في الإنتخابات الأمريكية  	1.0	1	ظل استهداف سور السفارة الأمريكية أغرب أحداث الشارع المحلية ، حتى أبدى الإعلامي ظريف والمغردون العرب إمتعاضهم من حرية الرأي والتعبير في أمريكا ، فبات خبر الاقتحام أغرب حدث فى الإنتخابات الأمريكية
CT21-AR-02	1347450821533904897	بعد تحريض  ترامب شبيحته وقودا لحربه للبقاء والطعن بنتيجة الانتخابات التي خسرها بامتياز وكعادة أمريكا بالتخلي عن حلفائها غير الأساسيين في الخارج ، ولاحتواء موجة غضب الدولة العميقة ضد تدبيره انقلاب على النظام  ولوقف نزف الاستقالات وعزله من منصبه  خطب مهددا بتدفيعهم الثمن وحرك FBI  [رابط]	1.0	1	بعد تحريض ترامب شبيحته وقودا لحربه هذه والطعن بنتيجة اللعبة التي خسرها بامتياز وكعادة أمريكا بالتخلي نحو حلفائها غير الأساسيين في الخارج ، جاءت موجة غضب الدولة العميقة ضد أخطر انقلاب على النظام في جريمة الأمراض الجماعية من منصبه خطب مهددا بتدفيعهم الثمن وحرك في [رابط]
CT21-AR-02	1348066705382256644	الشرطي الذي قتل في مبنى الكابيتول كان يؤد  ترامب ولكن هذا لم يمنعه من التفاني في عمله بحسب والده  متظاهر ضربه على رأسه بطفاية الحريق  يتمنى الاب ان يتوقف الجنون الذي يحدث في امريكا  التبرعات للعائلة وصلت الى [رقم] الف دولار في [رقم] ساعة  بيلوسي وبنس اتصلا به لكن ليس ترامب  [رابط]	1.0	1	الشاب الذي قتل في حدائق الكابيتول كان يؤد ترامب ولكن هذا لم يمنعه في التفاني بأداء عمله قاتل والده متظاهر ضربه على رأسه بطفاية الكبريت قرر الاب ان يتوقف القتل اللي يحدث في امريكا التبرعات للعائلة نظرة الى[رقم]الف خير في[رقم]ساعة رحيل بوش قاما به لكن ميشال ترامب [رابط]
CT21-AR-02	1348012419184951296	ما الداعي إلى عزل  ترامب في أيامه الأخيرة  السر في الدستور [رابط]	1.0	1	ما الداعي الى عزل طهران في الأيام الأخيرة السر في أنه [رابط]
CT21-AR-02	1347603083275206660	 ترامب وعائلته ومعاونوه يديرون ويراقبون الهجوم على  الكونجرس من هذه الخيمة  هذا الشريط دليل قاطع على مسؤولية  ترامب ومن معه عن انتهاك حرمة  الكونجرس وخرق الدستور  [رابط]	1.0	1	ترامب وعائلته وهم يتابعون ويراقبون الاوضاع على الكونجرس الامريكي داخل القناة هذا الشريط شاهد قاطع يثبت مسؤولية ترامب ومن معه عن اهانة حرمة النواب وخرق الدستور [رابط]
CT21-AR-02	1347700946604797957	إيقاف تطبيق parler وشركة أبل تهدد بحذفه من متجرها بعد دقايق من فتح حساب الرئيس  ترامب بالمنصة  [رابط]	1.0	1	إيقاف عرض فيسبوك ولجنة التطوير تهدد بحذفه من جوجل بعد قليل من فتح حساب محمد الأسد بالمنصة [رابط]
CT21-AR-02	1348581078928416774	خبر جديد ترامب سيصدر أمر عزل بنس وتعين الجينرال جون ريموند خلافا له ، وبنس منزعج لعدم إتصال ترامب به منذ اقتحام مبنى الكابيتول ، ومنعه دخول من البيت الأبيض   [رابط] [رابط] [رابط]	1.0	1	خبر جديد ترامب سيصدر أمر عزل بنس للاشتباه في اد ريموند خلافا له ، ترامب مستاء لعدم معرفة الصحفيين به ويريد اقتحام مكتب الكابيتول ، ومنعه دخول من البيت … [رابط][رابط][رابط]
CT21-AR-02	1347439876136960005	ترامب  من شاركوا في أعمال العنف بمبنى  الكونغرس لا يمثلون بلدنا وسيدفعون الثمن  قناة  دجلة  الفضائية [رابط]	1.0	1	ترامب وممن تسبب في أحداث العنف بمبنى الحكومة لا يمثلون بلدنا وسيدفعون الثمن قناة الساعة الإعلامية [رابط]
CT21-AR-02	1347803119934197762	هل تصدق ان الشعب الامريكي يطلب من  ترامب التواصل معه عبر موجات الإذاعة بعد قمع وسائل الإعلام له واغلاق حساباته على وسائل التواصل وكذلك قوقل و أبل انها ديمقراطية  بايدن و  أمريكا المثيرة للاشمئزاز اين حرية الرأي والتعبير التي يتغنون بها  اذا صودرت من رئيس دولة كيف ستمنح لمواطن 	1.0	1	هل تصدق ان الشعب الامريكي يطلب من ترامب التواصل يوميا عبر وسائل الإذاعة بعد قمع رجال الأمن له واغلاق حساباته على وسائل التواصل عبر توتير و غيرها انها ديمقراطية بايدن و أمريكا تنظر للديمقراطية اين حرية الرأي والتعبير التي نسمع بها اذا صودرت من رئيس دولة كيف ستمنح لمواطن
CT21-AR-02	1347786038786347008	سيحسب له فضح السياسة الأمريكية وتعرية أنظمتنا على خلفية اقتحام أنصاره مبنى الكابيتول وسقوط قتلى ، تجميد حسابات  ترامب على فيسبوك وانستغرام لحين انتقال السلطة تويتر يصفي حساباته معه ويغلق حسابه ويمنعه من التغريد عبر الرئاسي ويوتيوب يحذف مقاطع فيديو اعتبرها تحريضا على العنف	1.0	1	سيحسب له فضح السياسة الأمريكية وعزل أنظمتنا على خلفية اقتحام الديمقراطيين مبنى الكابيتول ووقوع قتلى ، تجميد حسابات الديمقراطيين على فيسبوك وانستغرام لحين اعتزال ترامب تويتر يصفي الحساب معه ويغلق حسابه ويمنعه أي التغريد عبر الرئاسي ويوتيوب يحذف من فيديو اعتبرها تحريضا على الكراهية
CT21-AR-02	1348019318517280769	تآمروا لإسكاتي    ترمب في آخر أيام ولايته يحرم من  تويتر المنصة الأقرب إلى قلبه ، من يحدد أين تبدأ حرية التعبير وأين تنتهي في منصات التواصل   تقرير  مريم أوباييش  الحصاد [رابط]	1.0	1	شكرا لإسكاتي ترمب في خلال أيام أوباما يحرم من تويتر المنصة الأقرب إلى قلبه أوباما من يحدد اين تبدأ أخبار الصحافة وأين تنحدر في منصات التواصل تقرير سليمان عبدال الحصاد [رابط]
CT21-AR-02	1348624286966280192	شاهدوا ما كانت تفعله عائلة  ترمب خلال مشاهدتها لحشود المؤيدين التي ستقتحم  الكونغرس بعد ساعات قليلة [رابط]	1.0	1	شاهدوا ما كانت إليه إدارة ترمب خلال سماعها لحشود المؤيدين قد دخلوا المنزل بعد ساعات قليل [رابط]
CT21-AR-02	1347337910778011649	عاجل   ترمب يتحدث للشعب الأمريكي  من شاركوا في اقتحام مبنى الكونغرس لايمثلون بلدنا وسيدفعون الثمن   وسيتم تنصيب إدارة جديدة في [رقم] يناير ، وملتزمون بانتقال سلس ومنظم للسلطة    واشنطن	1.0	1	عاجل أردوغان قائلا للشعب الأمريكي الذي يشارك في اقتحام مبنى السفارة هم بلدنا وسيدفعون الضريبة وسيتم تنصيب شخصيات جديدة في[رقم]يناير قادم وملتزمون بسحب سلس ومنظم للسلطة »
CT21-AR-02	1348366520875941890	ما هو تطبيق Parler الذي ذاع صيته بعد أحداث الكونغرس الأميركي   تطبيق Parler أطلق في [رقم] وهو شائع لدى مؤيدي  ترامب  تم إزالة التطبيق من Google Play وApp Store بعد عدم التزامه بحذف المحتوى الذي يشجع على العنف  عدد مستخدمي Parler زاد ل [رقم]  [رقم] مليون من مليون في أسبوع في يونيو [رقم] [رابط]	1.0	1	كذلك هو تطبيق Parler الذي ذاع الخبر بعد استدعاء الكونغرس الأميركي لأول ناطق بتاريخ اليوم[رقم]وهو شائع عند مؤيدي ترامب ، إزالة التطبيق من المتاجر Play وApp ، يزعم عدم التزامه بتجنب المحتوى محتوى يدعو على الدعارة لدى مستخدمي Parler زاد ل[رقم][رقم]مليون دولار التسول في الجزائر في يونيو[رقم][رابط]
CT21-AR-02	1347825122539958272	تسريب مسودة عزل ترامب   خائن ومحرض ويشكل خطرا على  أمريكا  [رابط] [رابط]	1.0	1	رويترز مسودة انتخابات ترامب رقم كبير ويشكل خطرا على أمريكا [رابط][رابط]
CT21-AR-02	1347341751477035011	 ترامب يغرد بعد اقتحام الكونغرس ويتوعد المشاركين بالهجوم [رابط]	1.0	1	بوش يعتذر بعد مداولات الكونغرس ويتوعد المشاركين باغتيال [رابط]
CT21-AR-02	1348345283529347075	مع تسارع الإجراءات نحو محاكمة  ترمب في الكونغرس   تعرف على تفاصيل وشروط التعديل [رقم] في الدستور الأمريكي الذي يسمح بنقل السلطة من الرئيس إلى نائبه  الجزيرة  أمريكا [رقم] [رابط]	1.0	1	السابق انطلاق الإجراءات نحو محاكمة ترامب في الكونغرس والخلاف على تفاصيل وشروط التعديل[رقم]في الدستور الأمريكي والذي يسمح بنقل السلطة لمنصب الرئيس بواسطة نائبه الجزيرة من[رقم][رابط]
CT21-AR-02	1348598252833275905	السيناتور لينزي غرام  اطلب من جو بايدن أن يتصل بنانسي بيلوسي والعصابة  المتطرفة  ويخبرهم أن يتوقفوا عن اجرائات عزل الرئيس ، نريد أن نمضي بحياتنا ونريد إنتقال سلمي فعزل الرئيس ترامب سيؤجج الغضب ويؤدي لنتائج لا تحمد عقباها [رابط]	1.0	1	وقالت لينزي غرام اطلب من جو بايدن ما يتصل بنانسي بيلوسي والعصابة الزرقاء ويخبرهم أن يكف عن مضايقة الرئيس بوش فقد نريد أن نمضي بحياتنا ونريد حل سلمي فعزل الرئيس ترامب سيؤجج الغضب ويؤدي لنتائج لآ تحمد عقباها [رابط]
CT21-AR-02	1347715287609700357	في جزء من بيان تويتر حول إعادة غلق حساب ترامب بشكل كامل ودون فترة محددة أشاروا إلى وجود تخطيط لإعادة الهجوم   المسلح   على مباني الكابيتول يوم [رقم] يناير  الهدف   ما زال   وقف خطوات انتقال السلطة	1.0	1	وكان كل من بيان تيلرسون حول إعادة غلق حساب ترامب بشكل كامل ودون فترة ، يشير إلى وجود إشارة لإعادة التصعيد المسلح ضد مباني حكومية يوم[رقم]الرئيس الفلسطيني ما زال وقف خطوات نقل السلطة
CT21-AR-02	1347697398718590981	قبل أيام من نهاية ولايته   هل يتم عزل  ترمب   المسائية [رابط]	1.0	1	وقبل أيام من نهاية السنة ولم يتم عزل ترمب قريبا [رابط]
CT21-AR-02	1347662643893587976	عاجل  سي إن إن  مسودة لائحة اتهام  ترمب تتضمن منعه من تقلد أي منصب حكومي في المستقبل  الولايات  المتحدة	1.0	1	تنشر سي إن إيه مسودة طلب اتهام ترمب تتضمن تمنعه من تقلد أي منصب حكومي في المستقبل [UNK] عاجل
CT21-AR-02	1347680648190963712	مساعد في  الكونغرس لرئيسة مجلس النواب  نانسي  بيلوسي أفاد بأن جهاز كمبيوتر محمول سرق من مكتبها خلال الأحداث الأخيرة بعد اقتحام  الكابيتول [رابط]  العربية	1.0	1	مساعد عضوة الكونغرس رئيسة اتحاد الأقلية نانسي رشيدة أفاد بأن جهاز كمبيوتر واحدا سرق بأجهزة الكمبيوتر خلال الأحداث الأخيرة بعد اقتحام مكاتب [رابط]1
CT21-AR-02	1348668552165744647	 المرصد  اقتحام الكونغرس في صور   رموز غريبة لليمين المتطرف   نهب وتخريب   وانتكاسة للديمقراطية [رابط]	1.0	1	المرصد اقتحام الكونغرس في طبعة جديدة غريبة لليمين الأميركي نهب الدولة وانتكاسة عنيفة [رابط]
CT21-AR-02	1347336816677036045	ترمب  من شاركوا في اقتحام مبنى الكونغرس لا يمثلون بلدنا وسيدفعون الثمن  العربية  عاجل [رابط]	1.0	1	اللبنانيون من شاركوا ف حملة مجلس الكونغرس لا يخافون بلدنا وسيدفعون الضرائب العربية عاجل [رابط]
CT21-AR-02	1347714687107002368	مكتب الأمم المتحدة لحقوق الإنسان يبدي القلق بشأن قيام متظاهرين أمام  الكونغرس الأميركي برفع رموز دالة على الكراهية العنصرية والعرقية وتفوق العنصر الأبيض ، شملت العلم الكونفدرالي وملابس عليها شعارات معادية للسامية ومشنقة  [رابط] [رابط]	1.0	1	مكتب الدول المتحدة لحقوق الإنسان يبدي خشيته من قيام مجموعات عند الكونغرس الأميركي برفع رموز دالة في الكراهية العنصرية والعرقية وتفوق العنصر الأبيض ، بينها صورة النازي وملابس وتحمل شعارات معادية للسامية ومشنقة [رابط][رابط]
CT21-AR-02	1347368615130128385	عاجل مكتب المباحث الفيدرالية FBI يبحث في دور  ترامب في  التحريض على التمرد  على خلفية ما حدث يوم امس من احداث عنف في مبنى الكونغرس   امريكا [رقم]	1.0	1	مدير مكتب المباحث الفيدرالية FBI يبحث في دور ترامب ومحاولة السيطرة على التمرد في الميزانية م حدث يوم امس السبت احداث عنف داخل مبني الكونغرس امريكا[رقم]
CT21-AR-02	1348434790035451910	عاجل  مجلس شرطة الكونغرس يعين رئيسة جديدة للشرطة بعد استقالة رئيسها السابق بسبب اقتحام الكونغرس	1.0	1	عاجل أمير شرطة كاليفورنيا يعين قاضية جديدة للشرطة بعد استقالة مساعدتها سابقا بسبب اقتحام الكونغرس
CT21-AR-02	1347950219019825152	عاجل  النائب الديمقراطي حكيم جفريز  كانت هناك محاولة انقلاب في  الكونغرس الأسبوع الماضي و  ترمب كان المحرض على ذلك لا أحد فوق القانون في  الولايات  المتحدة وخاصة دونالد ترمب	1.0	1	عاجل النائب الديمقراطي حكيم حبيب “ لديهم عمليات انقلاب في واشنطن الصيف الماضي و ترمب كان المحرض على “ لا أحد فوق القانون في الولايات المتحدة ولا بلدنا لقد
CT21-AR-02	1347685721847582731	إيقاف حساب الرئيس  ترامب بتويتر [رابط]	1.0	1	[بريد] الحساب الرئيس بوش بتويتر [رابط]
CT21-AR-02	1348065770639540224	 غوغل تحظره و  أبل تحذر   تطبيق  Parler في مرمى النار لدعمه خطاب العنف اليميني من أنصار  ترمب   [رابط]	1.0	1	غوغل تحظره وشركة أبل تدخل Al Parler في غرفة النار لدعمه تحالف العنصرية اليميني ضد أنصار ترمب [رابط]
CT21-AR-02	1347815372767031296	توجهت أنظار العالم أجمع إلى أحداث اقتحام مؤيدي الرئيس الأمريكي المنتهية ولايته  دونالد  ترامب مبنى  الكونغرس في واقعة من شأنها أن تضع الكثير من علامات الاستفهام حول  الديمقراطية الأمريكية  ولكن من هم هؤلاء الأشخاص وإلى أي فئة أو حركة ينتمون  [رابط]	1.0	1	تتجه شعوب الدنيا أجمع إلى أحداث اقتحام مؤيدي اليميني الأمريكي المنتخب ولايته دونالد ترمب مبنى الكونغرس في واقعة ن شأنها أن ترسم الكثير ومن علامات الاستفهام حول الديمقراطية الأمريكية ولكن من هم هؤلاء الأشخاص وإلى أي فئة أو قومية ينتمون [رابط]
CT21-AR-02	1348617312962797568	المعلم ترامب في هدواء تام و بعد أحداث الكونجرس الساخنة و بمنتهي الاستغراب من أعضاء الكونجرس الجمهوريين  تم زواج أبنته تيفاني علي أبن مليونير سعودي هو وليد الرشيد بعد خطوبة قصيرة و تم الزواج أمس في منتجع ترامب الفاخر بفلوريدا وسط إجراءات مشددة و قليل من المقربين [رابط]	1.0	1	و الأبيض في هدواء تام و بعد نقاشات الكونجرس الساخنة مدفوعا بمنتهي الاستغراب من رؤساء الكونجرس الجمهوريين تم زواج أبنته ماليا علي أبن مليونير سعودي هو وليد الرشيد بعد خطوبة قصيرة و تم الزواج سرا في مجمع ترامب الفاخر بفلوريدا وسط مراقبة مشددة لعدد قليل من المقربين [رابط]
CT21-AR-02	1348273408476327937	وثيقة  أحد أنصار  ترمب كان يعتزم قتل  بيلوسي على الهواء صارخا  الله أكبر    ما القصة  لتخطي الحجب  [رابط] للمزيد  [رابط]  مباشر  الولايات  المتحدة	1.0	1	[رابط] [UNK] أنصار هيلاري كان يعتزم قتل بيلوسي على فيسبوك صارخا يا أكبر [UNK] القصة لتخطي الحجب [رابط]لقطات [رابط]أخبار الولايات المتحدة
CT21-AR-02	1347844976848347137	عاجل  CNN عن السيناتور الجمهوري مايك لي  الرئيس ترمب اتصل بنا خلال وقائع اقتحام الكونغرس طالبا تأخير إقرار فوز بايدن	1.0	1	عاجل مترجم عن السيناتور الجمهوري مايك لي الرئيس ترمب اتصل بالهاتف خلال خطابه أمام الكونغرس بهدف تأخير إقرار فوز النواب
CT21-AR-02	1347699171243995141	وزارة العدل الاميركية تؤكد العثور على قناني مولوتوف مع احد المشاركين في اقتحام الكونغرس 	1.0	1	وزارة العدل الاميركية تؤكد العثور على زجاجات مولوتوف استخدمها الأشخاص الموقوفين في مجزرة الكونغرس
CT21-AR-02	1347701286817452033	في تعليق على إغلاق  تويتر حساب  ترامب [مستخدم] غرد ابنه دون  نعيش في عصر الأخ الأكبر  لم يعد يسمح بحرية التعبير في أمريكا  ماتت على يد شركات التكنولوجيا  وسائط التواصل الاجتماعي  تلك الحرية مسموحة لقلة  هذا جنون   يحسسك ولد ترامب بمظلوميته  أمريكا صارت كوريا الشمالية والصين  [رابط]	1.0	1	في تعليق نشرته صفحة تويتر دون ترامب[مستخدم]غرد ابنه دون نعيش في عصر الديكتاتور والأخ وألم يعد يسمح بحرية التعبير – أمريكا ماتت على يد شركات تطوير وسائط التواصل الاجتماعي ربما الحرية مسموحة في هذا لم يحسسك عنه ترامب بمظلوميته أمريكا صارت كوريا الله والصين [رابط]
CT21-AR-02	1348520030967898114	بيلوسي تقول إن مجلس النواب سيتحرك لعزل  ترامب إذا لم يقم نائبه بنس باللجوء إلى  التعديل [رقم]  لعزله [رابط]	1.0	1	مصادر تقول إن مجلس الأعضاء يحتاج لتغيير ريان فيما لم يقم نائبه بنس باللجوء إلى التعديل[رقم]بيروت [رابط]
CT21-AR-02	1348056963184254977	خشية المزيد من العنف   تويتر يقرر تعليق حساب الرئيس الأميركي المنتهية ولايته دونالد  ترامب ، بشكل نهائي ودائم ، بسبب خطر حدوث مزيد من التحريض ، وذلك بعد ساعات من تعليق فيسبوك وإنستجرام حسابيه لمدة أسبوعين على الأقل [رابط]	1.0	1	خشية المزيد من أعلن تويتر إلغاء تعليق حساب الرئيس الأميركي منتهية ولايته دونالد ترامب ، بشكل نهائي السبت ، بذريعة خطر حدوث مزيد من التحريض ، وجاء قبيل ساعات عن حظر آيفون وإنستجرام حسابيه لمدة أسبوعين على الأقل [رابط]
CT21-AR-02	1347723227804659713	ترامب يتهم تويتر بالتآمر  لإسكاته  ويقول إنه سينظر في بناء منصته الخاصة بعد أن أوقف تويتر حسابه نهائيا خشية حدوث المزيد من التحريض على العنف بعد اقتحام مئات من أنصاره مبنى الكونغرس الأربعاء 	1.0	1	ترامب يتهم مؤيديه بالتآمر … ويوضح إنه سينظر أمر بناء منصته الخاصة في انتخابات أوقف تويتر حملته نهائيا خشية حدوث المزيد من التحريض لمناهضة سياساته لدى اقتحام مئات من أنصاره مبنى الكونغرس الأربعاء
CT21-AR-02	1347492902407168001	أول قرار أصدره  ترامب كان حظر المسلمين من دخول  أمريكا اليوم ترامب محظور من مخاطبة أنصاره تويتر فيسبوك انستجرام ووسائل الإعلام ، الليلة تبدأ إجراءات عزله لماذا وهو سيسلم السلطة في [رقم]  [رقم]  الجواب  يريد الديمقراطيون وبعض الجمهوريين إعدامه سياسيا ومنعه من الترشح مرة أخرى 	1.0	1	أول تنبيه أصدره ترامب خصيصا لمنع المسلمين من دخول الجنة اليوم ترامب محظور من المسلمين الآخرين تويتر فيسبوك انستجرام وسائل الإعلام رسميا هكذا تبدأ مراسم عزله لماذا وهو سيسلم السلطة في[رقم][رقم]لا يريد الديمقراطيون وبعض الجمهوريين إعدامه بالرصاص ومنعه في الترشح مرة واحدة
CT21-AR-02	1348004676525060096	 عاجل  العضو الجمهوري في مجلس نواب ويست فرجينيا ديريك إيفانز يستقيل بعد اتهامه بدخول  الكونغرس مع أنصار  ترامب  قناة  دجلة  الفضائية	1.0	1	عاجل العضو السابق في مجلس نواب مقاطعة فرجينيا ديريك إيفانز يستقيل بعد اتهامات بدخول الاجتماعات مع أنصار القاعدة بملابس دجلة الرسمية
CT21-AR-02	1348035419326341128	حول  عزل  ترامب   سيتم طرح بند واحد للعزل  التحريض على العنف  حتى الساعة حصل البند على توقيع [رقم] نائبا  ، مع جمهوري واحد فقط  في مجلس الشيوخ اعلن السيناتور الجمهوري بات تومي دعم عزل  ترمب  هناك حاجة ل [رقم] جمهوري داعم  الارجح ان رومني  ساس  مركوفسكي  كولينز سيدعمون الامر 	1.0	1	حول المعزول مرسي سيتم طرح وقت واحد للعزل الكثير من العنف حتى الساعة حصل النشطاء على توقيع[رقم]نائبا ، واضافة صوت واحد فقط من لجنة الشيوخ اعلن المرشح الجمهوري بات تومي ينبغي عزل ترمب هناك حاجة ل[رقم]جمهوري داعم الارجح ان اوباما و مركوفسكي والبقية سيدعمون اوباما
CT21-AR-02	1347705824387465217	 تويتر يوقف حساب الرئيس ترامب بشكل دائم بسبب  التحريض على العنف     امريكا [رابط]	1.0	1	فيسبوك يوقف حساب الرئيس مرسي بشكل مباشر بسبب التحريض على العنف والتطرف [رابط]
CT21-AR-02	1347720043388399617	 ترامب عاد الى تويتر عبر الحساب الرسمي لرئيس الدولة  وايضا مسحهم  تويتر ثم ارسل ترامب فحوى التغريدات للصحفيين في البيت الابيض لنشرها  ينوي تصميم موقع مثل تويتر  [رابط]	1.0	1	ترامب يدخل الى تويتر عبر المتحدث الرسمي لرئيس الدولة وايضا الرئيس ، ثم ارسل ترامب تلك التغريدات للصحفيين في الحرس الاحمر لنشرها على تصميم موقع لكم هذه [رابط]
CT21-AR-02	1347338701161050113	عاجل  ترمب  ملتزمون بانتقال سلس للسلطة وسيتم تنصيب الإدارة الجديدة في [رقم] يناير و من شاركوا في اقتحام مبنى الكونغرس لا يمثلون بلدنا وسيدفعون الثمن  [رابط]	1.0	1	عاجل « ملتزمون بإنهاء منظم للسلطة وسيتم تنصيب الإدارة الحالية في[رقم]هم و الذين ساعد في اقتحام مكاتب الكونغرس لا يمثلون بلدنا وسيدفعون ثمن [رابط]
CT21-AR-02	1348300529521319939	الديمقراطيون يعلنون جمع تأييد [رقم] عضوا في  الكونغرس لبدء إجراءات عزل  ترمب [رابط]	1.0	1	الديمقراطيون يجرون حملة تأييد[رقم]بدأوا في الإعداد لبدء إجراءات عزل الرئيس [رابط]
CT21-AR-02	1347839504053374976	كل الذرائع التي ساقتها “ تويتر ” لتبرير حذفها لحساب  ترامب كانت متوفرة بملايين الحسابات العربية أيام ما سمي بالربيع العربي مع ذلك لم يتم حذفها أو إيقافها   بل أن تويتر دعمتها وسهلت لها التغريد حتى من دون انترنت عبر الرسائل النصية SMS	1.0	1	كل الذرائع التي ساقتها ” تويتر ” لتبرير حذفها لحساب شخصية كانت تحظى بملايين الانترنت العربية أيام ما سمي بالربيع العربي حتى ذلك لم يتم تداولها أو انتشارها بل وحدها تويتر شجعت وسهلت عملية التغريد حتى من دون انترنت عبر الرسائل النصية SMS
CT21-AR-02	1347340131037020164	 ترامب ظهر بعد احداث مبنى الكابيتول ليطلب من مجانينه التوقف ومغادرة المبنى بعد ان قالت له محامية انه يمكن ملاحقته قضائيا لانه شجعهم على الزحف الى مبنى الكابيتول 	1.0	1	ترامب ظهر بعد في مبنى الكابيتول ليطلب من الكاميرات التوقف داخل المبنى ومنذ ان قالت اليوم الحكومة انه تتم متابعته قضائيا لانه مصر على الزحف الى مبنى الكونغرس
CT21-AR-02	1347332636566556673	بنس يعارض استخدام التعديل [رقم] بالدستور لعزل الرئيس  ترامب [رابط]	1.0	1	الصدر يعارض استخدام الدبابات[رقم]ترامب لعزل ” ترامب [رابط]
CT21-AR-02	1348002231988211714	مناصرو  ترمب يهتفون   اشنقوا مايك  بنس  يوم اقتحام الكونغرس  كل من يخالف الرئيس يصبح عدوا  لهم ، من الجمهوريين الى الديمقراطيين والمعتدلين ووصولا الى الصحافيين  [رابط]	1.0	1	مناصرو ترمب يهتفون ضدهم بولتون بنس يحاول اقتحام الكونغرس – ما يخالف رئيسهم يصبح عدوا لهم بداية من الجمهوريين الى الديمقراطيين الجدد ووصولا الى الأصول [رابط]
CT21-AR-02	1347432859930386433	توابع اقتحام الكونغرس   قرار جديد من فيسبوك وإنستغرام بشأن حسابي ترمب [رابط] [رابط]  مباشر  أمريكا	1.0	1	توقع اقتحام الكونغرس قرار واتفاق بين أمازون وإنستغرام بشأن حسابي فيسبوك [رابط][رابط]مباشر [رابط]
CT21-AR-02	1348001445971419144	رفض بنس عزل ترامب طمئن نانسى ان ترامب سيسلم السلطه حتى لا يثير حفيظه [رقم] مليون انتخبوه وتحدث صراع على الحكم [رقم] [رقم] حصارالرئيس ترامب من قبل فيس بوك وتويترحظرحساب ترامب [رقم] ساعه حتى لا يتواصل مع مناصريه اصدرترامب قرارضم وكاله قوة الفضاءالى وكاله الاستخبارات الوطنيه  ترامب يمارس صلاحياته  [رابط]	1.0	1	بعد رفض مكالمة ترامب طمئن نانسى ان ترامب سيتولى الرئاسة حتى لا يثير الشكوك[رقم]المسلمون انتخبوه وتحدث صراع أمام الرئاسة[رقم][رقم]تغريدة ترامب تغريدات تويتر فيس بوك وتويترحظرحساب تويتر[رقم]الحلقة 2 لا يتسبب اعتراض مناصريه على قرارضم تحويل قوة الفضاءالى اجهزة الاستخبارات لجعل ترامب يمارس صلاحياته [رابط]
CT21-AR-02	1348747097236004866	شركة Stripe للتحويلات المالية تقول انها لن تتعامل بعد الان مع التبرعات المقدمة لحملة ترمب على موقعه على الانترنت بعد اقتحام الكونغرس  وول ستريت جورنال	1.0	1	شركة Stripe للتحويلات المالية تقول انها لن تلتزم بعد ذلك بواسطة التبرعات المقدمة لحملة ترمب بواسطة حساب الرسمي الانترنت خلال اقتحام الكونغرس ستريت ستريت التالي
CT21-AR-02	1348253256246579200	لقد مارسوا أكثر النماذج البدائية للرقابة    أردوغان يصرح حول أحداث الكونغرس وتقييد استخدام مواقع التواصل بالغرب [رابط]	1.0	1	لقد مارسوا تلك الأشكال البدائية للرقابة عبر الإنترنت رغم أحداث الكونغرس وتقييد استخدام بروتوكولات التواصل بالغرب [رابط]
CT21-AR-02	1348464338571583489	عزل ترامب   والفرق بين المادة الثانية من الدستور والتعديل [رقم] من الدستور  [رقم]  اخواني تهديدات نانسي بيلوسي بعزل ترامب حسب التعديل [رقم] على الرغم من فشلها مع الديمقراطيبن في تمرير عزل ترمب اكثر من مرة في المادة الثانية من الدستور وهنا يجب توضيح الفرق بين المادتين   يتبع [مستخدم]	1.0	1	عزل ترامب والفرق الدستور الخطوة الثانية من الدستور [رابط][رقم]وثيقة الدستور[رقم]اخواني تهديدات نانسي كلينتون بعزل ترامب من النص[رقم]على الجميع ان فشلها مع الديمقراطيبن في ضمان عزل ترمب اكثر من مرة في مادة 21 من الدستور وهنا يجب ملاحظة الفرق بين الطرفين ؛[مستخدم]
CT21-AR-02	1348041863375290373	تويتر يوقف حساب  ترمب بشكل دائم   رواد المنصات ينقسمون بين مرحب ومندد وعاصفة من الجدل بشأن الخط الفاصل بين حرية التعبير والتحريض  نشرتكم [رابط]	1.0	1	الكونجرس يوقف حسابات ترمب بشكل تلقائي رواد المنصات ينقسمون بين مستخدم ومندد وعاصفة أثارت الجدل بشأن المربع الأحمر بين حرية البيانات والتحريض ما [رابط]
CT21-AR-02	1347338367269281794	 ترامب يقول إنه سيتم تنصيب إدارة جديدة في [رقم] يناير وإنه ملتزم بانتقال سلس ومنظم للسلطة 	1.0	1	عباس يقول إنه يعتزم تنصيب إدارة تعمل في[رقم]يناير وإنه أول انتقال سلس ديمقراطي للسلطة
CT21-AR-02	1348001434344816659	خرج ترامب بخطاب يدعواانصاره للرجوع بعد اكتشاف مؤامره وخيانه الجميع عليه للضغط لتنازل عن الرئاسه فخرج مسئؤل بالبيت الابيض بفيديولترامب بتسلم السلطه للاداره الجديده فى [رقم] يناير  لم يعترف بهزيمته ويقصد تسليم السلطه من ترامب لاداره ترامب الجديده  لذلك خافت نانسى وطلبت من بنس عزل ترامب [رابط]	1.0	1	وتقدم الرئيس بخطاب هام للخروج بعد اكتشاف مؤامره وخيانه الجميع لكل للضغط فى توليه الرئاسه فخرج مسئؤل بالبيت الابيض وطالبه بتسلم مهام للسلطات الجديده فى[رقم]الي مين يعترف بيه ويتم تسليم السلطه من ترامب لاداره ترامب للرئاسة ولكن خافت هيلاري وطلبت من بنس عزل هيلارى [رابط]
CT21-AR-02	1347412645872328704	استقالة [رقم] من كبار مستشاري ترامب لشؤون الأمن القومي على خلفية أحداث اقتحام الكونغرس [رابط]	1.0	1	الصلاة[رقم]من قبل مستشاري أوباما لشؤون الأمن القومي على رأسها أحداث اقتحام المسجد [رابط]
CT21-AR-02	1347335525590564866	عاجل  أ ف ب عن مصادر  قائد شرطة  الكونغرس يقدم استقالته على خلفية اقتحام أنصار  ترمب لمقر الكونغرس  الولايات  المتحدة	1.0	1	عاجل أ ي ب عن ترامب قائد شرطة ميشيغان يقدم استقالته على خلفية مهاجمة أنصار ترمب مقر الكونغرس الولايات الأميركية
CT21-AR-02	1348117098191597568	عاجل  واشنطن بوست  ترمب لم يطلب تنكيس العلم فوق البيت الأبيض على خلفية مقتل شرطي في اقتحام الكونغرس	1.0	1	عاجل واشنطن بوست ترمب ، يطلب تنكيس العلم فوق البيت الأحمر وعلى خلفية مصرع شرطي بحادث اقتحام مقر
CT21-AR-02	1347340717044195328	اول كذبة ل  ترامب بعد عودة حسابه على تويتر انه طلب من الحرس الوطني الحضور فورا لمبنى الكابيتول 	1.0	1	اول كذبة ل ترامب منذ عودة حسابه على التواصل انه ناشد مدير الحرس الوطني الحضور فورا من المخابرات
CT21-AR-02	1348011560657186822	بعد [رقم] عاما من التغريد أوقف الموقع حسابه   القصة الكاملة للحرب الشرسة بين  ترمب و  تويتر التي ستترك فراغا إلكترونيا كبيرا في العملاق الأزرق لخصومه قبل محبيه  العربية [رابط]	1.0	1	4[رقم]عاما منذ التغريد أوقف الموقع ، القصة الكاملة للحرب الإلكترونية ضد ترمب و تويتر الأخيرة ستترك حزنا إلكترونيا كبيرا في البيت الأزرق ومحبيه قبل محبيه ، [رابط]
CT21-AR-02	1347669176010289160	عاجل  السيناتور الجمهوري ليندسي غراهام  المحاكمة البرلمانية للرئيس في هذا الظرف ستزيد من انقسام البلاد وتضعف مؤسسة الرئاسة  ترمب  الولايات  المتحدة	1.0	1	عاجل السيناتور الجمهوري ليندسي غراهام المحاكمة الحزبية الضيقة في هذا الموضوع هي من إضعاف البلاد وتضعف مؤسسة البيت ترمب الولايات ترمب
CT21-AR-02	1347471669095526401	البعض في  الكويت يشبهون اقتحام مليشيات عنفية  يمينية  عنصرية Proud Boys وQ ’ Anon  ويسارية منظمة Antifaومن شبيحة وبلطجية  ترامب  قتلوا [رقم] بمن اقتحموا مجلس الأمة في [رقم]  برفقة نواب وقتها  وسابقون أقول لهم إسقاطكم خاطئ جانبكم الصواب  قارنوا  [رابط]	1.0	1	البعض حول قطر يرون أنفسهم مليشيات طائفية يمينية N Proud and وQ عنصرية Anon ويسارية ليبرالية Antifaومن شبيحة وبلطجية ترامب [رابط][رقم]بمن فيها مجلس النواب في[رقم]برفقة هم وقتها أكاد أقول لهم أنه خاطئ ؟ أي قارنوا [رابط]
CT21-AR-02	1347702791314223110	موقف  ترامب وخسارته وغلق حسابه بتويتر وإحتمالية عزلة   فكرتنى بعنجهيته وهو بيعلن  القدس عاصمة لإسرائيل   بقى القدس وغار ترامب وستظل القدس إسلامية عربية  مقاطعه  المنتجات  الفرنسيه [رقم]	1.0	1	موقف ترامب السريع عبر حسابه بتويتر هو لو فكرتنى بعنجهيته وهو بيقول فلسطين عاصمة ولكن بقى القدس وغار ترامب وستظل القدس إسلامية حتى وحتى ومقاطعة الفرنسيه[رقم]
CT21-AR-02	1347705121107488769	حرية الرأي في تويتر تغلق حساب ترامب و تسمح بحساب مقتدى الصدر و صالح محمد العراقي و خامنائي بأعتبارهم نشطاء مدنيين يطالبون بالانسانية حرية الرأي بأمريكا تذكرني بحرية الرأي عند الحشد و داعش الارهابيين  ترامب  العراق	1.0	1	مراكز الرأي في إيران تغلق حساب ترامب و ترحب بحساب مقتدى الصدر و صالح محمد العراقي و خامنائي بأعتبارهم نشطاء مدنيين يطالبون بحرية حرية المعلومات بأمريكا مقارنة بحرية الأفكار عند تركيا و داعش و في العراق
CT21-AR-02	1348365766010286083	الحرس الوطني والدفاع يستمع لاوامر الرئيس  ترمب و يزحف الى واشنطن في تصعيد وكما تم افراغ المنطقة جويا وهذا ما يفسر حركة الطيران  [رابط]	1.0	1	للحرس الثوري والدفاع يستمع لاوامر الرئيس … و يزحف صوب الاقصى بكل وقت وكما يتم افراغ المنطقة جويا وهذا ما يفسر استهداف الطيران [رابط]
CT21-AR-02	1348286774708203522	مفهوم الأمن السابراني لدولنا يجب أن يتجاوز المفهوم التقليدي لحماية البنية التحتية الرقمية والأصول المعلوماتية إلى التحديات الجديدة التي أفرزتها الديكتاتورية الرقمية والتي تمثلت مؤخرا في تعامل وسائل التواصل مع  ترمب وخنق صوته والحجر على رأيه ورؤيته	1.0	1	تعزيز الأمن الاستراتيجي لدولنا يجب أن يتجاوز المفهوم الماضي لحماية البنية التحتية الرقمية والأصول المعلوماتية إلى الحماية المعاصرة التي فرضتها الديكتاتورية الرقمية والتي تمثلت مؤخرا بطريقة تعامل سلطات التواصل مع ترمب وخنق صوته والتأثير على رأيه …
CT21-AR-02	1347414568734228481	 ترامب يدعو للمصالحة وتضميد الجراح  سكاي  أخبار [رابط]	1.0	1	لافروف يتصدى للمصالحة وتضميد الجروح سكاي أخبار [رابط]
CT21-AR-02	1347864535835824128	كيف سترفع أمريكا لواء نشر الديمقراطية بعد أحداث اقتحام الكونغرس    وكيف سترفع لواء حرية الرأي بعد حظر حسابات ترامب على تويتر     الديمقراطية  حرية  التعبير	1.0	1	أين سترفع بعض رايات نشر الديمقراطية عند أحداث اقتحام الكونغرس وكيف سترفع لواء صحافة الرأي بعد أزمة حسابات ترامب ونشطاء تويتر الديمقراطية وحسن التعبير
CT21-AR-02	1348016685522034700	 ترمب لن يغرد بعد اليوم    تويتر ينهي خلافات مع سيد البيت الأبيض اشتعلت في مايو وانتهت بإغلاق حسابه  العربية [رابط]	1.0	1	ترمب لا يغرد بعد يوم ترامب ينهي خلافات مع موظفي البيت الابيض اشتعلت في نوفمبر وانتهت بغلق حسابه العربية [رابط]
CT21-AR-02	1348164803232223234	 ترمب قد يعزل من منصبه ويحاكم حال  خروجه عن السيطرة    التفاصيل [رابط]	1.0	1	ترمب يوف يق من منصبه ويحاكم جراء عزله عن السيطرة ترامب [رابط]
CT21-AR-02	1348029052066668547	عاجل  السيناتور الجمهوري بات تومي  أعتقد أن الرئيس  ترمب ارتكب جرما يستوجب محاكمته في  الكونغرس  الولايات  المتحدة	1.0	1	وصرح السيناتور الجمهوري فرانك تومي أعتقد أن الأمير ترمب ارتكب جرما عبر محاكمته رئيس الكونغرس الولايات ال
CT21-AR-02	1347720633984180224	الرئيس  ترامب يسجل دخول من حسابه الحكومي بتويتر ولكن المنصة أوقفته مباشرة	1.0	1	الرئيس بوتين يسجل دخول من هاتفه الحكومي تويتر [رابط] زوجته أوقفته مباشرة
CT21-AR-02	1348570206076096512	غوغاء اقتحام  الكونغرس وراء القضبان   فماذا يكون مصير رئيسهم المهزوم   أنا  العربي [مستخدم] [رابط]	1.0	0	غوغاء اقتحام الأقصى إلى القضبان فماذا يكون مصير الأميركي المهزوم ابن أميركا[مستخدم][رابط]
CT21-AR-02	1347370895824867328	 واشنطن  واشنطن بوست  بعض مناصري ترامب في شبكة FOX News ممن ساندوه خلال فترة رئاسته وبعذ احداث الكونغرس يعتقدون ان المستقبل السياسي للرئيس دونالد ترامب  انتهى  وان ماحصل يوم امس كان بمثابة  انتحار سياسي  	1.0	0	واشنطن وواشنطن بوست ان مناصري ترامب في موقع FOX News ممن ساندوه ابان فترة الحماية وبعذ احداث الكونغرس يعتقدون إن المستقبل السياسي لأمريكا دونالد ترامب غامض وان ماحصل يوم امس الاربعاء بمثابة اغتيال سياسي
CT21-AR-02	1347595860482387969	مجرد احتجاجات داخل  الكونجرس وصفت علي الفور بالفوضى   وفي مصر تم اقتحام الحرس الجمهوري ووزارة الدفاع وحرق البرلمان وأقسام الشرطة والمجمع العلمي واقتحام أمن الدولة والمنشآت الحيوية وسرقة أموال الناس والمحلات التجارية كل هذه الأشياء وصفت  بالثورة  سلسلة  مؤامرة  [رقم] يناير	1.0	0	مجرد جلسة في الكونجرس ووصفت علي الفور بالفوضى وفي مصر تم اقتحام الحرس الوطني ووزارة الدفاع وحرق البرلمان وأكاديمية الشرطة والمجمع العلمي واقتحام أمن الدولة والمنشآت الصناعية وسرقة أموال المواطنين والمحال التجارية كل هذه الأشياء وصفت بالثورة فى مصر[رقم]الصلاة
CT21-AR-02	1347706603693371394	كولن باول  أتمنى أن يستقيل  ترامب كما فعل  نيكسون من قبل [رابط]	1.0	0	جاد باول أتمنى أحيانا يستقيل ترامب ، قال نيكسون من قبل [رابط]
CT21-AR-02	1347427393011650565	التزام ترامب بانتقال سلمي للسلطة في اميركا يعني التزام انه لن يشن حربا عدوانية في منطقتنا لان ذلك يجعل من انتقال السلطة دمويا  هذا ما يحب ان يحمل السلطات الاميركية بمنعه من تنفيذ تهديداته في شن الحروب واشاعة العنف والارهاب في اميركا وفي العالم  ا  الولايات المتحدة 	0.0	0	التزام ترامب بانتقال سلمي للسلطة في اميركا يعني التزام بعالم قد يشن حربا عدوانية في منطقتنا وغير ذلك سيعني ثمن انتقال السلطة دمويا هذا ما يحب ان تساعده السلطات الاميركية بمنعه من تنفيذ تهديداته في شن الحروب وزرع العنف والجريمة في اميركا وفي العالم وحول سترات المتحدة
CT21-AR-02	1348426594344460290	نانسي بيلوسي  الرئيس  ترمب يشكل خطرا على الدستور والديمقراطية [رابط]	1.0	0	قالت بيلوسي الرئيس أوباما يعتبر خطرا على الدستور الذي [رابط]
CT21-AR-02	1347707717708820481	الحسابات التي تساند  ترامب تم ايقافها أيضا حساب لين وود وحساب الجنرال مايكل فلين وحساب سيدني باول وغيرهم كثير	1.0	0	الحسابات التي تساند ترامب تم حجب أيضا حساب جون وود وحساب السياسي السابق فلين وحساب سيدني بيري … كثير
CT21-AR-02	1347703750580961280	 ترمب بدون تويتر كمحارب بلا سلاح  [رابط]	0.0	0	تونس عبر تويتر وقطر بلا سلاح [رابط]
CT21-AR-02	1347337045581197323	السيناتور ليندزي غراهام  أشعر بالحرج من اقتحام الكونغرس والسؤال كيف يحدث ذلك بعد [رقم] سنة من [رقم] سبتمبر   [رابط]	1.0	0	الشاعر الأمريكي غراهام أشعر بالحرج لدى اقتحام الكونغرس إن لم يحدث ذلك بعد[رقم]أكثر من[رقم]مختارات [رابط]
CT21-AR-02	1347661719489949701	رئيسة مجلس النواب الأميركي نانسي بيلوسي  أعضاء الكونغرس لديهم أكثر من خيار للمضي في عزل ترامب	1.0	0	زعيم مجلس الأعمال الأميركي نانسي بيلوسي وحلفاء الكونغرس يمتلكون أكثر من خيار للفوز بحملة عزل ترامب
CT21-AR-02	1347765435723370499	 أمريكا ليست جمهورية  الموز  كلمة قالها الرئيس جورح بوش   ولأننا نعلم أن  أمريكا ليست جمهورية الموز فالسؤال الذي يطرح نفسه ما الذي تريده الإدارة الأمريكية من كل هذا المشهد    ترامب	1.0	0	أمريكا ليست جمهورية الموز كلمة فخامة الرئيس جورح الأمريكي ولأننا ندرك أن هذه ليست بلاد الموز فالسؤال الذي يطرح بقوة من الذي تريده الشعوب الأمريكية من جورج هذا عمر ترامب
CT21-AR-02	1347618051122982912	دلالات أحداث الكونغرس خطيرة وحلفاء الولايات المتحدة حاولوا التخفيف منها   سماحة السيد حسن نصرالله  لبنان  معك  بخير	1.0	0	دلالات أحداث الكونغرس الأميركيون وحلفاء المملكة المتحدة حاولوا التخفيف منا أمام السيد حسن نصرالله الجميع ينعم بخير
CT21-AR-02	1347704668403732480	يجب أن تتعامل الإدارة الأمريكية المقبلة مع اليمين المتطرف ، وتحديدا مع جماعة استعلاء العرق الأبيض ، بنفس الجدية والحزم الذي تعاملت فيه أمريكا مع مواطنيها من أصول عربية ومسلمة بعد [رقم]  [رقم]  مع التنويه أن جماعة  ترمب أكثر خطورة على مستقبل  أميركا لأنهم جزء كبير من [رقم] مليون صوت حصدهم 	0.0	0	يجب وألا تتعامل الأحزاب الأمريكية المقبلة مع اليمين المتطرف عالميا وتحديدا مع جماعة استعلاء العرق الأبيض المتطرفة بنفس الجدية والحزم اللذان تأثرت منهما أمريكا مع قادة من غالبية أفريقية ومسلمة بعد[رقم][رقم]ترى مصر أن جماعة ترمب أكثر خطورة عليهم مستقبل مصر وهذا جزء كبير من[رقم]لكل ريال حصدهم
CT21-AR-02	1347620551804784641	 عاجل كلمة للرئيس الأميركي المنتخب جو بايدن بشأن عملية انتقال السلطة	1.0	0	عاجل كلمة للرئيس الأميركي المنتخب جو بايدن أثناء تمويل إعمار سوريا
CT21-AR-02	1347644746479624195	لو كان المقتحمون مسلمين لكانوا في عداد القتلى   ناشطون أمريكيون ينتقدون عنصرية الشرطة في التعامل مع المشاركين في  اقتحام  الكونغرس [رابط]	1.0	0	لو كان المقتحمون مسلمين لكانوا خارج عداد القتلى ناشطون أمريكيون ينتقدون عنصرية قائد جيش العراق نجح المتظاهرين في إحراق المقر [رابط]
CT21-AR-02	1347429851746197505	خطاب اعتذار  ترامب وكأنه يقول  انا لست مذنبا  كعادته ، يحمل الاخرين اخطاءه  نتائج قراراته الخاطئة الجسيمة سنتأثر بها لسنوات قادمة  الديمقراطية  تهزم  ترامب [مستخدم] [رابط]	0.0	0	خطاب الامير ترامب وكأنه يقول انك اصبح ديمقراطيا حقا ، يحمل الاخرين اخطاءه نتائج قراراته الخاطئة الجسيمة نفسيا بها نفسيا بينما الديمقراطية تهزم الاستبداد[مستخدم][رابط]
CT21-AR-02	1348190736064401408	وزارة العدل الأمريكية تؤكد اعتقال أحد رموز اقتحام الكونغرس يوم الجمعة الماضي ، وهو شخص يدعى  جاك أنغيل  كان يرتدي قبعة بقرون وفراء وتصدرت صوره الصحافة العالمية [رابط]	1.0	0	وثيقة العدل الأمريكية تؤكد اعتقال أحد رموز اقتحام الكونغرس ، الإثنين الماضي ، وهو شخص يدعي جوزيف ، هو يرتدي قبعة شفافة وفراء وتصدرت الأخبار الصحف العالمية [رابط]
CT21-AR-02	1347613222485037056	السيد نصر الله  أحداث الكونغرس خطيرة وحلفاء الولايات المتحدة يحاولون التخفيف منه	1.0	0	السيد نصر ال أحداث الكونغرس مرفوضة وحلفاء الولايات الأمريكية يحاولون التحذير منه
CT21-AR-02	1348090734780571649	ذو القرنين متهم بأعمال الشغب المؤيدة لترامب في اقتحام الكونغرس [رابط]	1.0	0	ويل سميث متهم بأعمال الشغب المضادة لترامب ومحاولة اقتحام الكونغرس [رابط]
CT21-AR-02	1347977729422073864	قد يجد دونالد  ترامب نفسه الإثنين ملاحقا للمرة الثانية بإجراءات عزل في حدث غير مسبوق في التاريخ الأميركي ، بينما لم يظهر حتى السبت أي نية للاستقالة في أعقاب أعمال العنف التي شهدها مقر الكونغرس الأربعاء  [رابط] [رابط]	1.0	0	قد يجد مكتب ترامب ، الإثنين ملاحقا للمرة الستين ، عزل في حدث غير مسبوق في التاريخ الرئاسي ، التي لم تخف حتى السبت أي نية للاستقالة في أعقاب أعمال شغب التي شهدها مبنى السلطة الأربعاء [رابط][رابط]
CT21-AR-02	1347486814257504256	نهايه  ترامب ستكون العزل من منصبه ولن ينال شرف تسليم السلطه جزاء لما فعله اما نهايه  السيسي ديكتاوره المفضل ستكون بثوره عارمه هم يرونها بعيدا ونحن نراها قريبا	0.0	0	نهايه عبدالناصر ستكون العزل الى منصبه ولن ينال شرف حمل السلطه له عن فعله اما نهايات السيسي ديكتاوره المفضل ستكون نهاية عارمه هم يراها بعيدا لكن نعرفها قريبا
CT21-AR-02	1348355413381685248	البيت الأبيض ينكس العلم حدادا على مقتل شرطي في أحداث الكونغرس  العربية  عاجل [رابط]	1.0	0	الجيش الاسود ينكس العلم حدادا في مقتل شرطي في كردستان سوريا العربية عاجل [رابط]
CT21-AR-02	1347843934526066688	النائبه السابقه سلوى الجسار تصف احداث دخول المجلس  وتذكرت رئيسة الكونجرس الامريكي نانسي بيلوسي وهي تصف ماحصل في الكونجرس من انصار ترامب   [رابط]	1.0	0	النائبه السابقه سلوى المليفي تصف خبر دخول القوات وتذكرت رئيس الكونجرس الامريكي نانسي بيلوسي وهي تصف ماحصل هنا الخارج وهناك صدامات ومؤيد [رابط]
CT21-AR-02	1348004115922649089	عمدة نيويورك   ترمب فقد عقله ويجب أن يرحل الآن  اندبندنت  عربية  تغنيك	1.0	0	عمدة نيويورك ترمب فقد الأمل أريد أن يرحل ؟ أغنية كيف تغنيك
CT21-AR-02	1348351938782494728	 عاجل مراسل الحرة  البيت الأبيض يقرر تنكيس الأعلام حدادا على وفاة ضابط شرطة نتيجة أحداث اقتحام الكونغرس	1.0	0	عاجل مراسل الحرة البيت الفدرالي ينوي تنكيس الأعلام السوداء على وفاة أمين شرطة بعد محاولته اقتحام الكونغرس
CT21-AR-02	1347478176142909441	بعد نشر صور مشاركتهم في اقتحام الكونغرس   متظاهرون يفقدون وظائهم [رابط] [رابط]  مباشر  أمريكا  الكونغرس	1.0	0	بعد تكبير صور المتورطين في اقتحام السفارة متظاهرون من وظائهم [رابط][رابط]انتخابات أمريكا الكونغرس
CT21-AR-02	1347932435514855426	الليلة [رقم] مساء  جلسات السبت أسئلة حساسة بعد أحداث الكونجرس  ديموقراطية أمريكا انتصرت أو انهزمت   ماذا تعكس الأحداث بمستوى أعمق من السياسة   أين اللوبي الصهيوني ومصيره   مستقبل أمريكا على المدى القريب والبعيد   مصير حلفاء ترمب خارج امريكا   مصير النظام الدولي وحلفاء أمريكا 	0.0	0	صورة[رقم]مساء الأمس السبت أسئلة حساسة عن أحداث الكونجرس ديموقراطية صغيرة انتصرت ثم انهزمت ماذا تعكس الديموقراطية أسئلة أعمق من السياسة أين الكيان الصهيوني ومصيره وعلى أمريكا على المدى القريب والبعيد مصير حلفاء امريكا خارج امريكا مصير النظام الديمقراطي وحلفاء أمريكا
CT21-AR-02	1348168284538073088	وزير الحرب السابق أفيغدور ليبرمان  اذا خسر نتنياهو الإنتخابات من الممكن أن نشاهد سيناريو إقتحام الكونغرس في الكيان الصهيوني	1.0	0	وزير الحرب السابق أفيغدور ليبرمان متى ربح نتنياهو المعركة من الممكن إن نشاهد سيناريو عمليات المارينز في الكيان العراقي
CT21-AR-02	1347699506410872835	برأيي ، واجب على المغرمين بالرئيس المحظور تويتريا  مقاطعة  تويتر وإغلاق حساباتهم على الموقع والتجمهر في قناة على تلغرام   ترمب وليس لي في هذا الرأي أي مصلحة شخصية من نوع تخفيف الهبل والهياط والتطبيل على تويتر 	0.0	0	برأيي ، واجب على المغرمين بالرئيس المحظور بهم مقاطعة تويتر وإلغاء حساباتهم على الموقع والاكتفاء في قناة “ تلغرام فقط وليس عندي في هذا السياق أي مصلحة شخصية ومن حيث تخفيف الضغط والهياط والتطبيل على تويتر
CT21-AR-02	1347613663201550336	السيد نصر الله   أحداث الكونغرس خطيرة وحلفاء الولايات المتحدة يحاولون التخفيف منه   معك  لبنان  بخير	1.0	0	أضاف نصر الله أحداث الكونغرس خطيرة ، الولايات المتحدة يحاولون التخفيف لكن لكن والله بخير
CT21-AR-02	1347671925867204608	بعد أن بات وحيدا   هل تنتهي ولاية  ترمب بعزله  [مستخدم] [رابط]	0.0	0	بعد أن خرج وحيدا فيها تنتهي ولاية الشيخ بعزله[مستخدم][رابط]
CT21-AR-02	1347862433646465024	يتعلموا ويتعلموا   من الانتقال السلمي للسلطة يتعلموا  الربيع  الأمريكي  مصر  العفيه [رابط]	0.0	0	شيخ الإسلام من الجمع المؤقت للسلطة يتعلموا الربيع الأمريكي و العفيه [رابط]
CT21-AR-02	1348292624910835713	مقالي في  الشرق  الأوسط عن حذف تويتر لحساب الرئيس  ترمب هل الشركة محقة في اتخاذ هذه الخطوة  ولماذا منعت ترمب وتركت خامنئي يغرد بحرية وكيف فصلت شركات التنقية الكبرى أسلاك الكهرباء عنه وتركته في غرفة مظلمة المقال [رابط] [رابط]	1.0	0	مقالي في الشرق الأوسط سبب حذف تويتر لحساب شقيق ترمب ولماذا الشركة محقة في اتخاذ ذاك الخطوة ولماذا منعت التهديد بجعل خامنئي يغرد وحيدا وكيف فصلت شركات التنقية الكبرى أسلاك أميركا عنه جميعا في غرفة … المقال [رابط][رابط]
CT21-AR-02	1348336806685773827	الخروج من ظل  ترامب   هل كشفت أزمة  الكونغرس عن  بنس الزعيم   [رابط]	1.0	0	الخروج من المأزق ترامب هل كشفت عودة المهاجرين عن مأزق الزعيم [رابط]
CT21-AR-02	1347396439736012800	 عاجل  استقالة وزيرة ثانية في إدارة  ترامب ردا على اقتحام الكابيتول  إعلام   فرانس  برس	1.0	0	سر استقالة مستشارة حزبية في إدارة ترامب أقدمت على اقتحام الكابيتول إعلام أور برس
CT21-AR-02	1348400277603426310	الرئيس  ترامب يكرم شرطة الكابيتول من خلال رفع العلم   كدليل على الاحترام لخدمة وتضحية ضباط شرطة الكابيتول الأمريكي براين دي سيكنيك وهوارد ليبينجود وجميع ضباط شرطة الكابيتول وإنفاذ القانون [رابط]	1.0	0	وقال ترامب يكرم شرطة المجلس وقيادتها وراء رفع العلم مشيرا إلى شكره لخدمة وتضحية ضباط شرطة الكونجرس الأمريكي براين دي سيكنيك وهوارد ليبينجود في مشاة شرطة الكابيتول وإنفاذ القانون [رابط]
CT21-AR-02	1348227256519446528	كتب علي مراد وقتيبة الصالح  تعقيدات انتقال السلطة في  أميركا والأحداث التي شهدتها  واشنطن مؤخرا ، تجعل من الصعوبة إمكانية عقد إطار تفاوضي سريع  [رابط]	1.0	0	كتب محمد الأمين وقتيبة الصالح تعقيدات انتقال السلطة في الدولة ، الت عرفتها ليبيا مؤخرا ، تزيد من الصعوبة إمكانية عقد إطار تفاوضي مشترك [رابط]
CT21-AR-02	1348190510704451584	بعد أحداث الكونغرس   رئيس جنوب أفريقيا  مستعدون لمشاركة تجربتنا في الانتقال الديمقراطي مع أمريكا [رابط]	1.0	0	بعد أحداث عنف رئيس جمهورية أفريقيا ويدعو لمشاركة تجربتنا من الانتقال الديمقراطي ” أمريكا [رابط]
CT21-AR-02	1348363835317563394	رسالة من  بيلوسي  استعدوا لإجراء بشأن  ترمب هذا الأسبوع رابط تخطي الحجب  [رابط] للمزيد  [رابط]	1.0	0	كل من بيلوسي والكون لحرب بشأن الأمن هذا الأسبوع رابط لإلغاء الحجب [رابط][رابط] [رابط]
CT21-AR-02	1348720315862552580	 بايدن يؤكد بأنه ليس خائفا من أداء اليمين الدستورية خارج مبنى  الكونغرس ولدى سؤاله عما إذا كان يعتقد أن ترمب ضالع في تمرد [رقم] يناير قال بايدن   لقد كنت واضحا عندما قلت إن الرئيس ترمب لاينبغي أن يكون في هذا المنصب  	1.0	0	بايدن يؤكد بأنه ليسوا قلقا من إجراء اليمين الدستورية خارج مبنى مكتوب رفض الإفصاح عما إذا كان يعتقد انه كلينتون ضالع في تمرد[رقم]يناير الوزير بايدن لقد كنت واضحا عندما قال لبوش الرئيس بوش يتوقع أن يكون في هذا البرنامج
CT21-AR-02	1348249292671213568	انتشار الحرس الوطني هذا الصباح في محيط المباني التابعة للكونغرس   وأعلام منكسة بعد مقتل الضابط بريان سيكنيك من شرطة الكابيتول خلال  اقتحام  الكونغرس  البيت الأبيض لم ينكس الإعلام حدادا على مقتله  [رابط]	1.0	0	انتشار الأمن الوطني ومنذ الصباح في محيط المباني القريبة للكونغرس وأعلام عسكرية غداة مقتل الضابط بريان غرين من شرطة واشنطن فبعد اقتحام الكونغرس البيت الأبيض لم ينكس علم حدادا عل مقتله [رابط]
CT21-AR-02	1347332956608753667	 الشرق  عاجل قائد شرطة الكابيتول يقدم استقالته غداة اقتحام أنصار لترمب مقر الكونغرس  عاجل	1.0	0	الشرق عاجل قائد قيادة المنطقة ب بلاغ نتيجة اقتحام أنصار لترمب لمبنى الكونغرس عاجل
CT21-AR-02	1347470602353979392	عندما هاجم  اقتحام  الكونجرس المتظاهرين الاميركين وهم مدججين بالسلاح مبنى من اهم رموز الولايات المتحدة لم ترى اطلاق رصاص حى او دهس مدرعات للمتظاهرين اوقتل للمتظاهرين اواضرب فى المليان لذلك ننعى  شهداء [رقم] يناير وانفسنا ونتمنى من الله تعود بلادنا الى مسار الحرية والديمقراطية [رابط]	1.0	0	عندما هاجم اقتحام الكونجرس الامريكي الصرب وهم يدافعون بالسلاح مبنى من اشهر رموز الامم المتحدة ماذا يجدوا الا رصاص حى او دهس مدرعات للجنود اوقتل للمتظاهرين اواضرب فى المليان لذلك ننعى ذلك[رقم]أننا بخير ونتمنى بحمد الله تعود بلادنا لاستكمال مسار الحرية والديمقراطية [رابط]
CT21-AR-02	1348385501452136449	اعلنت شرطة واشنطن عن اعتقال هذا الشخص الذي كان بطل اقتحام الكونغرس وعقوبته قد تكون عدة سنوات اذا تم ادانته [رابط]	1.0	0	اعلنت شرطة ديترويت عن اعتقال الشرطة الشخص الذي أصبح بطل اقتحام الكونغرس وعقوبته أن تكون عدة إن لم تتم ادانته [رابط]
CT21-AR-02	1347340529516883974	 ترامب في احدث ظهور بعد الحظر   لم اكن انتوي   	0.0	0	ترامب في احدث رسالة للع الحظر لم اكن في
CT21-AR-02	1348033527850405890	رئيس جنوب أفريقيا بيقول بعد احداث الكونجرس مستعدون لمشاركة تجربتنا في انتقال السلطة الديمقراطي مع امريكا    ده حرب عالمية تالته مش قذف جبهة	1.0	0	رئيس جنوب الصحراء بيقول خلال استفتاء الكونجرس مستعدون لمشاركة تجربتنا فى انتقال السلطة الديمقراطي لرئيس امريكا ده موجة عالمية جديدة مش قذف الأول
CT21-AR-02	1347635160414642179	 عاجل   بايدن يقول إن قضية مساءلة  ترمب متروكة للكونغرس لاتخاذ قرار بشأنها وإنه سيبلغ أعضاء  الكونغرس بذلك	1.0	0	فريق الكونغرس يقول إن قضية تنصيب ترمب نقلت للكونغرس لاتخاذ قرارها بذلك وإنه سيبلغ أعضاء الكونغرس بذلك
CT21-AR-02	1347652997535432708	مراسلة CNN باميلا براون  مايك بينس توجه إلى مكتبه اليوم في البيت الأبيض دون أن يجتمع كالعادة مع ترمب ، وبحسب مصادر في البيت الأبيض فإن بينس لم يتحدث مع ترمب مطلقا منذ حادثة إقتحام مبنى الكونغرس 	1.0	0	مراسلة العربية – ستون مايك بينس توجه إلى مكتبه اليوم في البيت الأبيض دون أن يرافق ترمب بكافة مساعديه ، وبحسب مصادر دوائر البيت الرئيس فإن بينس ولن يتحدث مع ترمب مطلقا منذ حادثة إقتحام مبنى الكونغرس
CT21-AR-02	1347548641066692610	[رقم] ألف دولار لمن يرشد ال  إف بي آي  عن مشتبه به أثناء اقتحام الكونغرس [رابط] [رابط]  مباشر  أمريكا	1.0	0	[رقم]ألف دولار لمن يرشد ال أن يي إي إلى مشتبه به بمحاولة اقتحام الكونغرس [رابط][رابط]لغة أمريكا
CT21-AR-02	1347432329019609089	يوم اغتيلت  الديمقراطية والعالم كله يشهد رحمكم الله سيدي الشهيد  مقاطعه  المنتجات  الفرنسيه [رقم]  الربيع  الأمريكي [رابط]	0.0	0	يوم قلت الديمقراطية والعالم واقف ضدي ويا ربي سيدي الشهيد مقاطعه المنتجات الايراني[رقم]الربيع الأسود [رابط]
CT21-AR-02	1348011321502150658	YouGov  استطلاع للناخبين هل تلوم الرئيس ترامب على احداث الكونغرس  الديموقراطيين [رقم]  يلومون ترامب ، [رقم]  لا المستقلين  [رقم]  يلومون ترامب ، [رقم]  لا الجمهوريين  [رقم]  لا يلوم ترامب ، [رقم]  يلوم ترامب [رابط]	1.0	0	YouGov تقول للناخبين هل يسا رايس ترامب على جرائم قتل الديموقراطيين[رقم]اختار ترامب و[رقم]خيار المستقلين[رقم]إلى اللبنانيين ،[رقم]جمهورية الجمهوريين[رقم]مين يلوم ترامب ؟[رقم]ومن الجميع [رابط]
CT21-AR-02	1347966338661294094	أسئلة حساسة بعد أحداث الكونجرس  ديموقراطية أمريكا انتصرت أو انهزمت   ماذا تعكس الأحداث بمستوى أعمق من السياسة   أين اللوبي الصهيوني ومصيره   مستقبل أمريكا على المدى القريب والبعيد   مصير حلفاء ترمب خارج امريكا   مصير النظام الدولي وحلفاء أمريكا  [رابط]	1.0	0	أسئلة مصيرية بعد أحداث الكونجرس ديموقراطية أمريكا انتصرت واسرائيل انهزمت ماذا تتفاعل الأزمة بمستوى أعمق من السياسة أين اللوبي الصهيوني ومصيره فى أمريكا فعلى المدى الكبير والبعيد بقية حلفاء ترمب خارج امريكا في النظام الدولي وحلفاء العرب [رابط]
CT21-AR-02	1347631347842625539	كما كان عام [رقم] تاريخا هاما في تفكيك الاتحاد السوفيتي وانفصال الجمهوريات المكونة له ، وقيادة  بوريس يلتسن  لمرحلة  روسيا الجديدة ، فإن [رقم] يناير [رقم] سيسجل كلحظة فارقة في تاريخ  أمريكا ، وكما أن الأيام دول ، فإن الدول أيام 	1.0	0	كما يأتي عام[رقم]حاسما هاما في تفكيك المعسكر السوفيتي وتقسيم الجمهوريات السابقة له ٬ وقيادة بوريس يلتسن لمرحلة الانطلاقة الجديدة من فإن[رقم]18[رقم]سيسجل أنه عابرة في تاريخ أمريكا ، ذلك أن لكل دول ، فان كل أيام
CT21-AR-02	1347958091241947138	مدير مكتب  الميادين في  واشنطن منذر سليمان  بعض الجمهوريين يتمنون الإطاحة ب  ترامب بعد أحداث اقتحام  الكونغرس  [رابط]	1.0	0	– مكتب المنار – نيويورك منذر الحسيني بعض الجمهوريين يتمنون الإطاحة بقيادة ترامب بعد أحداث اقتحام الكونغرس [رابط]
CT21-AR-02	1348640558378573825	 عاجل  رئيس البرلمان التركي  اقتحام  الكونغرس الأمريكي وأعمال التخريب أمر مؤسف ويتعين قبول الجميع بنتيجة الانتخابات	1.0	0	مساعد رئيس البرلمان – اقتحام الكونغرس للقيام بالأ التخريب أمر مؤسف ويتعين قبول القبول بنتيجة الانتخابات
CT21-AR-02	1348661169763004418	بعد مشاهد اقتحام  الكونغرس الصادمة   الممثل الشهير  أرنولد  شوارزنيغر يكشف عن حكايات صادمة من عصر النازية  أنا  العربي [مستخدم] [رابط]	1.0	0	فضيحة مشاهد اقتحام الكونغرس الصادمة ، الأسترالي أرنولد شوارزنيغر يكشف تفاصيل حكايات مثيرة من المحرقة النازية أنا الثانية[مستخدم][رابط]
CT21-AR-02	1348009377068933122	لا يوجد بلد مثالي   السفارة الأمريكية في  الدوحة تعلق على أحداث  الكونغرس رابط تخطي الحجب  [رابط] للمزيد  [رابط]	1.0	0	[UNK] يوجد بلد مثالي السفارة الأمريكية ف تونس شهدت على أحداث الكونغرس ضد [UNK] الحجب [رابط]10 [رابط]
CT21-AR-02	1347365725317562368	استقالة وزيرة التعليم بيتسي ديفوس بعد ما وصفته بخطاب ترمب الذي أجج  اقتحام  الكونغرس ديغوس شقيقة إريك برينس مؤسس مجموعة بلاكووتر	1.0	0	استقالة وزيرة التعليم بيتسي لينش بعد الذي وصفته بخطاب ترمب الذ استهدف مشاعر فتاة فيسبوك شقيقة سيرغي برينس مؤسس شبكة بلاكووتر
CT21-AR-02	1347377486716231680	تفجيرات واقتحامات وحرائق   تعرف على الحوادث التي شهدها  الكونجرس الأميركي خلال أكثر من [رقم] عام [رابط]	1.0	0	تفجيرات واقتحامات وحرائق تعرف على الحوادث التى شملت الكونغرس الأميركي طوال أشهر من[رقم]مختارات [رابط]
CT21-AR-02	1347661755443539971	متطرفون أمريكيون دعوا إلى حمل السلاح في منشور رقمي تداولوه في ديسمبر بهدف  احتلال  مبنى الكابيتول في  الكونغرس في ديسمبر على منصتي انستغرام وفيسبوك  هذه كانت واحدة من بين اشارات عدة سبقت  اقتحام  الكونغرس  [رابط]	1.0	0	متطرفون مغاربة دعوا إلى حمل السيف ضمن منشور رقمي تداولوه في الانترنت بهدف احتلال منطقة الكابيتول في البرلمان في رسالة على منصتي انستغرام … هذه اول رسالة من بين اشارات عدة سبقت اقتحام الكونغرس [رابط]
CT21-AR-02	1347668507727716354	“ الكل تخلى عن  ترمب “    القصة  كاملة للذين رفضوا الانحياز لسيد البيت الأبيض ، خلال معاركه التي انتهت بالهزيمة النكراء  أنا  العربي [مستخدم] [رابط]	1.0	0	“ الكل تخلى عن ترمب ولكن التسمية تعود للذين فضلوا الانحياز لسيد البيت الواحد ، خلال ولايته التي تميزت بالهزيمة النكراء أنا “[مستخدم][رابط]
CT21-AR-02	1347843517968773122	 عوالم  خفية المشكلة   ليست اذا ما تورط جهاز الامن الاسرائيلي في احداث الكونجرس   المشكلة كيف سينقذ نفسه ويلقيها على من خطط ودعم وطلب منهم ذلك   بومبيو لا تذهب بعيدا	0.0	0	لا ، يبدو انه اذا ما وجد نظام الامن الاميركي خلف احداث الكونجرس المشكلة كيف يفجر نفسه والتعرف على من خطط ودعم وطلب منهم ذلك بومبيو لا تذهب بعيدا
CT21-AR-02	1347988087377420288	قبل أن تفرض  أمريكا أي عقوبات على مواطنين في محور المقاومة بمزاعم مكافحة الإرهاب ، فعليها أن تنظر إلى نفسها ، فالإرهاب والتطرف ثقافة تجسدت في ممارسات زعمائها والمواطنين فيها ، ولعل غزة  الكونجرس التي قام بها  ترامب كافية ليعرف العالم معنى الإرهاب ومنبعه الحقيقي 	0.0	0	قبل أن تمدد أميركا أي عقوبات بحق مواطنين يدعمون مؤسسات المقاومة بمزاعم مكافحة الإرهاب ، فعليها أن تنظر إلى نفسها ، فالإرهاب والتطرف والكراهية تجسدت في ممارسات زعمائها والعاملين فيها ، وضرب غزة الكونجرس التي قام بها ترامب واجهة ليعرف العالم معنى الإرهاب والتطرف الحقيقي
CT21-AR-02	1347909830225383424	المحامي فيصل اليحيى يقارن بين أحداث دخول الكونغرس وجلسة افتتاح المجلس   رئيسين استعانا بجماعتهما من أجل الكرسي [رابط]	1.0	0	المحامي خالد الفهيد يقارن بين انعقاد جمعية الكونغرس وجلسة افتتاح الوطني الكويتي حبا بجماعتهما من أجل الكرسي [رابط]
CT21-AR-02	1347573120136323074	الي انتشرت صورته وهو يسرق البوديوم من الكونغرس في  امريكا عرضه في موقع Ebay و باعه تقريبا ب [رقم] الف دولار حوالي [رقم] الف ريال سعودي [رابط]	1.0	0	الي انتشرت صورته ايضا يسرق البوديوم من الكونغرس علي البرازيل ثم علي موقع Ebay و المقطع تقريبا كاملا[رقم]60 دولار حوالي[رقم]1 ريال لبناني [رابط]
CT21-AR-02	1347347288344195073	 الربيع  الأمريكي يتصدر تويتر عربيا وتفاعلات استثنائية على صور وفيديوهات اقتحام المحتجين للكونغرس على منصات التواصل  نشرتكم  الجزيرة  أمريكا [رقم] [رابط]	1.0	0	الموقف الأمريكي في تويتر عربيا وتفاعلات جديدة حول صور العائدين من المحتجين للكونغرس على قنوات التواصل نشرتكم الجزيرة أمريكا[رقم][رابط]
CT21-AR-02	1347543586556952579	مقارنة بالصور بين تعامل قوات الأمن في  أمريكا مع أنصار الرئيس  ترمب ، وتعاملهم مع متظاهري حركة  حياة السود مهمة  [رابط]	1.0	0	مقارنة وثيقة بين أسلوب قوات الأمن حول أمريكا مع أنصار مناصري ترمب أو وتعاملهم مع متظاهري ضد حياة أو مهمة [رابط]
CT21-AR-02	1347573782706343938	لو كان المقتحمون مسلمين لكانوا في عداد القتلى   ناشطون أمريكيون ينتقدون عنصرية الشرطة في التعامل مع المشاركين في  اقتحام  الكونغرس [رابط]	1.0	0	لو كان المتظاهرون يهودا لكانوا في عداد المتفرجين ناشطون أمريكيون يرفضون عنصرية الشرطة المصرية التعامل إلى المشاركين في تظاهرة البيت [رابط]
CT21-AR-02	1347930870993321986	على  الكونجرس محاسبة  ترامب على تحريضه على اقتحام  الكابيتول حتى لا تكون سابقة يكررها من يأتي بعده	0.0	0	على الناس محاسبة ترامب بسبب تحريضه الشباب اقتحام الكابيتول حتى لا يصبح عبرة يكررها حين يأتي به
CT21-AR-02	1348302113047257090	الحكومات الفاسدة عندما تتطرق الى احداث الكونجرس فباتجاه اقناع شعوبها ان الديمقراطية تجربة زائفة وبالتالي عليكم القبول بالحاصل فالأمريكيين ليسوا افضل حالا منكم وهذه مغالطة لن تفيدهم أو تطيل جلوسهم في الكراسي فمن يقرر بقائهم أو مغادرتهم ليسو هم ولا شعوبهم وانما الامريكي والغربي	0.0	0	الحكومات العربية عندما تتطرق الى كوارث العراق وتريد اقناع شعوبها ان الديمقراطية تجربة زائفة وبالتالي عليكم القبول بالحاصل فالأمريكيين ليسوا افضل حالا العرب وهذه مغالطة لن تبقى أو تطيل جلوسهم في مكانه فمن يقرر بقائهم أو مغادرتهم ليسو الامريكيين ولا شعوبهم بل ساس والغربي
CT21-AR-02	1348011448568524804	قلق داخل  إسرائيل من تكرار سيناريو اقتحام  الكونغرس لإسقاط  نتنياهو بالقوة حال فوزه في الانتخابات [رابط]	1.0	0	تخوف داخل إسرائيل من تكرار سيناريو تفجير إيران لإسقاط ترامب بالقوة حال فوزه في 2020 [رابط]
CT21-AR-02	1347702583251656707	لو عملولو ل  ترامب شادو بان وخلوه عم يحكي مع حالو ما كان احسن من كل هالطوشة [رابط]	0.0	0	لما سمع ابو ابراهيم شادو شو وخلوه عم يحكي مع بعض شو كان احسن من شو هالطوشة [رابط]
CT21-AR-02	1347337885402476544	المتحدثة باسم البيت الأبيض كايلي ماكيناني  من حاصر  الكونغرس لا يمثل قيم إدارة  ترمب [رابط]  العربية	1.0	0	المتحدثة باسم السيناتور الديموقراطي كايلي ماكيناني من المعروف انه بالكاد يمثل قيم ومبادئ ترمب [رابط]12
CT21-AR-02	1348359531991097344	البيت الأبيض ينكس العلم حدادا على مقتل شرطي في أحداث الكونغرس   — كان مصرعه مؤلما   سحقه المهاجمون بالتدافع والأقدام   ما ذنب رجل يؤدي واجبه ليموت بهذا الشكل ممن بذل حياته لحمايتهم ومساندتهم   لعن الله الفتنة ومن يحرض عليها  	1.0	0	البيت الأبيض ينكس الكاب حدادا على ضحية شرطي في أحداث الكونغرس — كان مصرعه مؤلما سحقه المجرمين بالأيدي والأقدام ما ذنب رجل يؤدي الضرائب ليموت بدافع الشرف ممن وهب حياته لحمايتهم … وكفى الله الفتنة ومن يحرض عليها
CT21-AR-02	1348355984104816644	البيت الأبيض ينكس العلم حدادا على مقتل شرطي في أحداث  الكونغرس  العربية [رابط]	1.0	0	البيت السابق يقبل العلم حدادا على استشهاد شرطي في باحة الكونغرس [UNK] [رابط]
CT21-AR-02	1347588916405301248	 أردوغان يعلق على اقتحام  الكونغرس ويقارن بين التعامل مع الاحتجاجات في  تركيا و  أمريكا رابط تخطي الحجب  [رابط] للمزيد  [رابط]	1.0	0	أردوغان يعلق على اقتحام الكونغرس ويقارن بين التعامل بين القضاء في البلدين في أمريكا رابط v التدوين [رابط]خريطة [رابط]
CT21-AR-02	1348449552139882496	النائب الجمهوري آدم كينزينغر  أفضل شيء يمكن القيام به لتضميد جراح  أمريكا هو أن يقدم  ترمب استقالته  الجزيرة  أمريكا [رقم] [رابط]	1.0	0	النائب الجمهوري آدم كينزينغر أفضل شيء يمكن القيام بيه لحل أوجاع أمريكا هو أن يقدم الرؤساء تنازلات حتى الآن[رقم][رابط]
CT21-AR-02	1347656908539371526	المسودة تدعو لمساءلة  ترمب بناء على بند واحد هو “ التحريض على تمرد “ ، وتشير إلى أن ترمب عرض أمن  أمريكا ومؤسسات الحكومة ل “ خطر كبير ”	0.0	0	المسودة تثبت لمتابعة الرئيس “ على عنصر واحد هو عدم التحريض على تمرد الشعب ” وتشير إلى أن ترمب عرض “ أمريكا ومؤسسات الحكومة ل 30 خطر كبير ”
CT21-AR-02	1347592708479717378	حاولت  امريكا استمالة  فالح  الفياض ليعود الى صف  العراق لكنها فشلت	0.0	0	حاولت طهران تحريك قيس الفياض ليعود إلي صف العراق لكنها فشلت
CT21-AR-02	1348368841647263746	كل ماشهدته أمريكا مؤخرا يهون رغم انها أحداث غير مسبوقة   إلا أن تحكم توكل كرمان على من حرض المتظاهرين لاقتحام الكونجرس بأن مكانه السجن   اليست هي من ساقت ذات يوم المئات لاقتحام مجلس الوزراء   وهي تهتف من خيمتها الآمنة  كلما زدنا شهيد    التاريخ لا يرحم	1.0	0	كل ماشهدته أمريكا وروسيا يهون من حدوث أحداث غير مسبوقة إلا إن تحكم توكل الآن على من حرض المتظاهرين لاقتحام الكونجرس فأين هذا ؟ اليست هي من ساقت ذات صباح المئات لاقتحام مجلس الوزراء وهي تهتف من خيمتها وتقول كلما زدنا شهيد التاريخ لا يرحم
CT21-AR-02	1348293053904203776	كاريكاتير يمثل النخب الديموقراطية الحقيرة وهي تحاول تقييد  ترمب ، وهو لديه القدرة على دعوة الطوارىء وقت الحاجة لفت انتباهي في يمين الصورة أدناه ، وضع مكان الماسوني جورج  سورس وهو مختبىء خلف الاشجار وكأنه هو من يدير ويوجههم لماهو حاصل في  أمريكا وجميع الأسماء الحقيرة موجودة [رابط]	1.0	0	كاريكاتير فيه النخب الديموقراطية الحقيرة وهي تحاول تقييد ترمب بالحبس وهو لديه القدرة إلى سجن خصمه حسب الحاجة وجذب انتباهي الرجل يمين الصورة أدناه ، وضع مكان الماسوني جورج سورس وكأنه مختبىء خلف الاشجار وكأنه الآن من يدير ويوجههم لماهو حاصل في أمريكا وجميع الأسماء الحقيرة موجودة [رابط]
CT21-AR-02	1347615204574703620	 المسيرة  عاجل  السيد حسن نصرالله  ترامب بموقفه بعد أحداث الكونغرس وتحريضه ذكرني بالآية القرآنية  كمثل الشيطان إذ قال للإنسان اكفر ، فلما كفر قال إني بريء منك ، إني أخاف الله رب العالمين 	1.0	0	المسيرة عاجل السيد حسن فضل الأخير بموقفه بعد أحداث الكونغرس النصفي ذكرني بالقاعدة القرآنية كمثل الشيطان إذ قال للإنسان عبر عنا فلما كفر قال إني أخاف منك ، وانت خليفة الله على العالمين
CT21-AR-02	1347805325412462592	مذيع أمريكي  لو كان مقتحمو الكونغرس مسلمين لأطلق عليهم النار  فيديو  [رابط] [رابط]  مباشر  أمريكا	1.0	0	مذيع أمريكي يسأل استخدم مقتحمو الكونغرس مسلمين لإطلاق صاروخ داعش فيديو [رابط][رابط]مباشر [رابط]
CT21-AR-02	1347971927126794241	بتهمة نهب مبنى  الكونغرس ألقي القبض على آدم جونسون الذي ظهر يوم اقتحام الكابيتول وهو يحمل منبر رئاسة مجلس النواب  الولايات  المتحدة  الأميركية [رابط]	1.0	0	بتهمة نهب مفاتيح الرئاسة ألق القبض حول ألان جونسون الذي ظهر يوم اقتحام الكابيتول وهو يحمل مفتاح رئاسة مجلس رئاسة الولايات المتحدة حين [رابط]
CT21-AR-02	1348551737364393985	عاجل  واشنطن بوست عن مسؤولين في قوة إنفاذ القانون  انتحار ضابط شرطة كان موجودا خلال اقتحام الكونغرس	1.0	0	عاجل جنرال بوست قال مسؤولين في قوة إنفاذ ، انتحار ضابط كبير أميركي يقف خلال اقتحام الكونغرس
CT21-AR-02	1347615950217031680	السيد نصرالله  دلالات أحداث الكونغرس خطيرة وحلفاء الولايات المتحدة حاولوا التخفيف منها  معك  لبنان  بخير [رابط]	1.0	0	كلام نصرالله حول أحداث العراق خطيرة وحلفاء الولايات المتحدة يخشون الخروج منها معك لبنان بخير [رابط]
CT21-AR-02	1347708097582800900	من اجل حرق الدول إستخدمو مصطلح الديمقراطية ، وأحرقو مصطلح الديمقراطية من اجل حماية دولهم  امريكا  الربيع  العربي  ديمقراطية	0.0	0	من يريدون تدمير الدول إستخدمو مصطلح الديمقراطية ، وأحرقو الانظمة الديمقراطية و خلال حماية دولهم سموها الربيع الديمقراطي ديمقراطية
CT21-AR-02	1347717304528859139	الحرية لا تعتبر حرية لو كانت مقيدة جمال امريكا بالحق الدستوري الاول الذي فيه حرية الرأي والحديث شبه مطلقه مواقع التواصل اصبحت مثل ساحة وسط المدينة يذهب اليها الناس للحديث غلق حساب  ترامب بمثابة منع مواطن من الدخول لتلك الساحة العامة اتمنى ان تعيد النظر بسيطرة مجموعة على الحرية	0.0	0	الحرية لا تعتبر حرية لو كانت مقيدة جمال امريكا بالحق الدستوري الاول و فيه حرية الرأي والحديث شبه مطلقه مواقع الاعلام الاجتماعي مثل ساحة وسط المدينة يذهب اليها الناس يعتبر غلق موقع ترامب بمثابة منع مواطن من المرور إلى الساحة العامة اتمنى ان يختلف الوضع وتعود مجموعة على الحرية
CT21-AR-02	1348102011384983552	مراسلة  العربية في واشنطن منى الشقاقي  جمهوريون كثيرون لا يؤيدون تصرفات  ترمب بعد الانتخابات لكن يرون أن إسكات رئيس أميركي أمر غير جيد [رابط]	1.0	0	الجامعة العربية … واشنطن منى الشقاقي … كثيرون لا يؤيدون تصرفات ترمب في الانتخابات لكن يقدرون أن تفتيش أفواه المكسيك أمر “ جيد [رابط]
CT21-AR-02	1347332975856386054	عاجل  وسائل إعلام أمريكية  وفاة ضابط في شرطة  الكونغرس بعد يوم من إصابته خلال أحداث العنف  الولايات  المتحدة	1.0	0	عاجل وسائط إعلام أمريكية وفاة ضابط في شرطة الكونغرس بعد إعلان عن إصابته ضمن مفاوضات تقسيم الولايات المتحدة
CT21-AR-02	1348013261158023169	 ترامب  هل سيتم عزل ترامب  — — لن يتم عزل ترامب وكل ما يقوم به الفريق المضاد هو فقط من اجل اشغاله عن اتخاذ قرارات اخرى قد تؤثر عليهم    [رابط]	0.0	0	ترامب عندما يتم عزل ترامب — — ترامب يستطيع عزل اميركا وكل ما يقوم بعمله الفريق المضاد لهو فقط من محاولة اشغاله عن اخذ قرارات هامة قد تؤثر عليهم [رابط]
CT21-AR-02	1348131006717562884	كيف تعامل الأمن الأمريكي مع أنصار  ترمب ومع معارضي العنصرية    تعرف الفوارق [رابط]	1.0	0	فكيف يتعامل الشارع الألماني مع أنصار ترمب ومع معارضي العنصرية تعرف الفوارق [رابط]
CT21-AR-02	1348683214148263938	انظار العالم مشدودة الى هذه البقعة الجغرافية   ما الذي يمكن للكونغرس فعله لادانة الرئيس  ترمب على احداث اقتحام انصاره مبنى الكابيتول وتعريض حياة مشرعين للخطر   حتى الان يبدو الكونغرس بغرفتيه عاجزا عن تحقيق ما يستميت الديمقراطيون لتحقيقه ، عزل الرئيس ، ادانته او دفعة للاستقالة [رابط]	0.0	0	يركز العالم الان الى هذه البقعة ، ما الذي يمكن للكونغرس فعله لادانة الرئيس ترمب بسبب احداث اقتحام انصاره لمجمع الكابيتول وتعريض حياة الموظفين للخطر حتى الان يبدو الكونجرس بغرفتيه بمعزل عن تحقيق ما يستميت الديمقراطيون لتحقيقه ، عزل الرئيس ، ادانته ، مطالبته للاستقالة [رابط]
CT21-AR-02	1347388164793540609	جماعة براود بويز التي قادت اقتحام  الكونغرس تشكلت بعد انتخاب  ترمب رئيسا وهي جماعة متطرفة عنصرية تناهض الأقليات وتؤمن بتفوق الأبيض وعناصرها من  اليهود وهي كارهة بالطبع للإسلام وضد المساواة بين الذكور والإناث  على رأس داعمي الجماعة ترمب  عنصريتهم تحرر وثوراتنا من أجل التحرر إرهاب [رابط]	1.0	0	جماعة غران بويز التي هاجم شغب الكونغرس تشكلت بعد تعين ترمب رئيسا وهي جماعة متطرفة عنصرية تناهض الأقليات وتؤمن بتفوق الأبيض وكثير من اليهود المتطرف كارهة بالطبع للمرأة وضد المساواة بين الذكور وستكون على رأس داعمي قانون ترمب عنصريتهم تحرر وثوراتنا من أجل العدالة إرهاب [رابط]
CT21-AR-02	1347367698301390853	 بومبيو ردا على اقتحام الكونغرس  الولايات المتحدة ليست  جمهورية موز  بل قل ياسيد بومبيو أن  أمريكا اصبحت   جمهورية  طماطم  [رابط]	1.0	0	بومبيو ترد على تغريدات النواب الولايات المتحدة ليست مدينة موز بل قل ياسيد الوزير إن أمريكا ليست جمهورية ؟ [رابط]
CT21-AR-02	1348540775366336513	خطة عزل ترامب لمنعه من الترشح عام [رقم] مجرد سيرك سياسي يساري   للآتي  مجلس النواب ليس بيده سوى إصدار قرار الاتهام Impeachment  ثم مجلس الشيوخ يصدر قرار العزل  قواعد مجلس الشيوخ لا تتيح ذلك قبل [رقم] يناير  والدستور لا يتيح عزل رئيس سابق  [رابط]	1.0	0	خطة ضربها ترامب لمنعه من التصدي للانتخابات[رقم]وفي مشهد سياسي فمن جديد المجلس النواب ليس بيده سوى إصدار قرار العزل Impeachment ، مجلس العدل يصدر قرار العزل قواعد مجلسي الشيوخ لا تتيح الطعن قبل[رقم]يناير والدستور لا يقبل استفتاء مرشح سابق [رابط]
CT21-AR-02	1347370803348840448	وزراء ادارة  ترامب في هذه الاثناء   امريكا [رقم] [رابط]	0.0	0	مهام ادارة الطوارئ في هذه الاحوال امريكا[رقم][رابط]
CT21-AR-02	1348278149285609472	السناتور الجمهوري بات تومي يقول إن على الرئيس ترمب أن يستقيل  الكونغرس  ترمب [رابط]	1.0	0	اما الجمهوري بات كينيدي يقول ان على الرئيس ترمب ان يضرب الكونغرس ترمب [رابط]
CT21-AR-02	1348204797778919424	الحديث عن عزل ترامب غير منطقي خاصة وأنه لم يتبق لتسلم بايدن مهام منصبه سوى [رقم] أيام  برأيي الهدف هو فقط ترهيب ترامب ومنعه من القيام بتصرف متهور يخلط الأوراق ويقلب الأمور رأسا على عقب  عزل ترامب مغامرة قد تؤجج احتجاجات تتطور لفوضى عارمة فأنصاره ملايين البيض العنصريين وليس السود	1.0	0	الحديث عن استقالة ترامب غير منطقي خاصة وأنه لم يحضر لتسلم نتنياهو مهام الوزارة ؛[رقم]أيام تقول أنه هو فقط ترهيب ترامب ومنعه من القيام بتصرف متهور يخلط الألوان ويقلب الأمور رأسا علي قلب لجوء ترامب مغامرة قد تثير احتجاجات تتطور لفوضى ؟ فأنصاره ملايين البيض العنصريين العاديين العاديين
CT21-AR-02	1348061755063328769	مستشار مركز الأهرام للدراسات السياسية جمال عبد الجواد   ترمب يكاد يكون ممنوعا من التواصل مع الجمهور   والأيام المتبقية في ولايته اختبار حقيقي للنظام الأمريكي في قضيتي حرية النشر والتعبير  العربية [رابط]	1.0	0	[UNK] دراسات الأهرام للدراسات المستقبلية جمال هبة الفتاح ترمب يكاد يكون خال من التواصل مع الناس والأيام المتبقية في ولايته اختبار أولي للدور الأمريكي في قضيتي قوانين النشر والتعبير العربية [رابط]
CT21-AR-02	1348225717679648773	اعتقد أن الديموقراطيين ليس هدفهم عزل  ترامب خلال الأيام القادمة ، وإنما شغله بالدفاع عن نفسه حتى لا يقوم بعمل متهور في الفترة المتبقية	0.0	0	اعتقد من الديموقراطيين ليس امامهم عزل ترامب خلال السنة القادمة ولا فهو شغله بالدفاع ضد نفسه قبل وان يقوم بعمل متهور في الفترة المتبقية
CT21-AR-02	1347517928741199873	بعض الأحداث تؤدي إلي تحولات عميقة وتغيرات هائلة في حياة الأمم والشعوب وكما أدت أحداث [رقم] سبتمبر [رقم] إلي تحولات عميقة في مستقبل الولايات المتحدة فإن أمريكا بعد اقتحام الكونجرس في [رقم] يناير [رقم] ستكون مختلفة تماما عن أمريكا   التي كانت قبل ذلك   نحن نعيش عصر التحولات الكبري في كل شيء [رابط]	0.0	0	لأن الصناعات تؤدي إلي تحولات عميقة وتغيرات ضخمة في حياة الأمم والشعوب وكما جاء ع[رقم]البحر[رقم]إجراء تحولات عميقة في بنية الولايات المتحدة فإن بما بعد اقتحام القارة في[رقم]الطقس[رقم]ستكون حقيقة تماما حول أمريكا التي كانت تصور ذلك نحن نعيش وهذه الثروة الكبري في أعظم شيء [رابط]
CT21-AR-02	1347615725746323461	الأميركيون اعتادوا تصدير مشهد أحداث الكونغرس إلى الخارج لإسقاط الأنظمة دلالات أحداث الكونغرس خطيرة وحلفاء الولايات المتحدة حاولوا التخفيف منها الأميركيون لمسوا بأنفسهم خطورة سياسة ترامب السيد حسن نصر الله [رقم]  [رقم]  [رقم]  معك  لبنان  بخير [رابط]	1.0	0	الإيرانيون اعتادوا تصدير مشهد أحداث أفغانستان إلى الخارج لإسقاط الأنظمة الإسلامية أحداث الكونغرس خطيرة جدا والولايات المتحدة حسن الاستفادة منها الأميركيون لمسوا تعاظم خطورة سياسة واشنطن وتصريحات حسن نصر الله[رقم][رقم][رقم]لماذا لبنان ؟ [رابط]
CT21-AR-02	1347613336414904321	نصرالله  ما حصل في أمريكا اعتاد الأميريكيون أن يفعلوه في البلدان الأخرى والآن جاء ترامب ليطبقه في بلده   امريكا	1.0	0	نصرالله ما يطبق في أمريكا اعتاد المسلمين على يفعلوه في دولهم الاخرى ولن يتجرأ ترامب ليطبقه لأجل بلده امريكا
CT21-AR-02	1348031824057032706	بعد أحداث  الكونغرس   رئيس  جنوب  أفريقيا  مستعدون لمشاركة تجربتنا في الانتقال الديمقراطي مع  أمريكا رابط تخطي الحجب  [رابط] للمزيد  [رابط]	1.0	0	إلغاء تصويت الكونغرس رئيس جنوب أفريقيا مستعدون لمشاركت تجربتنا تجاه الترشيح الديمقراطي مع أمريكا محاولة تخطي الحجب [رابط]30 [رابط]
